x,y,class
2.8431483080716373,2.4726804834378675,0
2.200017424684885,1.6821541825274373,0
1.7633743833967337,2.021237122234731,0
2.775282523195154,2.8592287421045532,0
1.1370371558417092,1.594740505384487,0
1.3516143640952427,1.764763533250129,0
1.033848111505252,2.1706411979539206,0
1.854051110878505,2.60234124921958,0
2.230770348526897,2.8939732917982206,0
2.963723323633756,2.0954275563907405,0
1.6809105386081615,2.246754580703485,0
2.209353112383906,1.280335422489566,0
1.6481565140940004,2.784859285826073,0
1.602474317619246,1.6570851170087555,0
1.9405081890942677,2.003654791407158,0
0.877857866850124,1.1878000658045722,0
2.2292260183200288,2.055186100670013,0
1.6283231065561654,2.170514434356479,0
2.6699097588833522,1.99749628285316,0
2.275129286275428,0.6677186073819972,0
1.136589012726435,1.741717078834629,0
3.4762028103643123,0.6792324867309691,0
2.80634344000266,2.2936955106312316,0
0.8798160368545396,0.963961599291149,0
3.119939244381361,1.7777911211013546,0
2.8022674196498496,1.421738527582091,0
1.0992082492356847,1.9347664274774354,0
2.027018338242454,1.1414559354817435,0
-0.24947044923390793,2.3038366792062255,0
1.369723675347028,2.256405455144975,0
1.6397354107631472,1.4736684302926268,0
1.0724554175646164,1.394073003107744,0
3.3876458422249414,2.360120020202388,0
1.371613512336576,2.458422042256748,0
1.2806203549285249,2.4090335423565756,0
2.0328968686693747,1.8741483894830144,0
1.2863737179795667,1.2302741707520708,0
1.721035254804672,1.1152239084639928,0
2.3785013694337844,2.3396566469238125,0
2.5145927161790365,1.3088938540508532,0
2.1893109062879494,2.228658780204215,0
2.796696919033182,1.6637804861358734,0
2.6286624937707774,2.309346315809546,0
2.0297174306040615,3.2227795464252376,0
1.6973227665514075,2.5359402648412046,0
2.11934972109365,0.9200912707374911,0
2.6065019008435475,1.7511990500842607,0
1.751090346470777,2.038924456244203,0
2.4853104997133912,2.3883746120660168,0
2.814181892160574,0.9671542601220096,0
3.4751476467104823,1.620228124184728,0
3.2748687031093886,2.09830470856624,0
1.709854403108832,1.1630669796171436,0
1.2122713327130743,0.8800677685216203,0
1.8636257073193285,1.829874534290707,0
1.9005307953063406,2.5475207355746776,0
1.1325528250643884,2.533538086186249,0
1.1477272251800406,1.5264587263394214,0
1.4401952451309408,1.6217499619265567,0
1.7252199988397683,3.4162428309950803,0
2.382383015855232,2.0413783405489423,0
1.9869271144007092,1.1400323557599328,0
1.2405027201029437,2.471745479430697,0
2.844197146208301,0.6073914859528036,0
0.555101689634601,2.360511657376829,0
2.5539690661557723,2.8119604201420003,0
1.3644833083129058,2.834377752688615,0
1.7358893937173672,2.4440464107042517,0
1.9317785472828222,3.514521756889489,0
1.4410395152858997,1.9397544377291878,0
2.565367652089849,1.0047366146267387,0
2.119597858875305,0.8261834267504173,0
1.9618441945928828,2.736996734849612,0
1.2958163498189874,2.3984676750846003,0
1.42107910522778,2.9543609890673768,0
2.008039070298216,3.1140934057075222,0
1.5460992324414788,1.8182347338304272,0
1.6614095869111858,2.120750553659569,0
2.730599397798568,2.021129665949048,0
1.5774242463020869,2.2271564340566514,0
1.9992322525756818,2.9239593303414093,0
1.3822306848493595,1.6349238634364172,0
2.091604478904355,0.9190300379115883,0
1.7230315546693324,1.6851766485516642,0
1.665298885625135,0.4305519873380981,0
3.1863011261549112,3.3281835494996668,0
2.7921483820625426,1.6245885744283441,0
1.0297488013970828,3.1819468899159835,0
1.731392206574205,2.147255215676128,0
1.9306383006661436,3.4899897590355,0
1.860942423298675,1.172692007469411,0
1.2501061685877568,3.4608002390191945,0
2.1907330962355087,1.139920351920795,0
1.1122082060217777,1.896767913963488,0
1.7519370742516596,1.2067496822677404,0
1.114677906133783,2.3833617582517475,0
1.3862182990074445,2.4080616055101194,0
2.877908233375763,2.2200433806040865,0
0.7957937259159924,1.982437244217646,0
1.3716911641671414,2.0866762633494313,0
0.7147521393170029,1.140348494260166,0
0.9803783579381302,1.527128105240433,0
1.6945777311333234,2.29629155245221,0
1.7774853245410058,3.0357516743664563,0
1.4116613115282606,2.85879396366224,0
1.766277645049718,2.0351896285870668,0
1.6327077610576834,2.2962579036989568,0
2.436781972093084,1.469921192842115,0
2.145773494993865,3.1862885141911708,0
1.9229379179418988,2.336112185902569,0
2.2368288647979875,2.505112141456351,0
2.1695773887093277,1.353036175765483,0
2.6092716528636277,0.7908790903802552,0
1.9820941067368618,1.7454953158625535,0
1.8383446715906064,2.5801756762223036,0
1.0036480633972416,2.9597752456137707,0
3.1299610779932587,2.476885913395493,0
2.91673366927457,3.4426961656019,0
1.0304250497052614,1.469116225799596,0
2.3005940879606053,2.8952180285530082,0
1.6085500643912,2.6430901855697653,0
1.5607679428709633,2.137261315790625,0
1.3553480920857364,2.559937837481699,0
4.000466483781352,1.9422712533094988,0
3.178790002251248,1.9575515216167179,0
2.732838993854344,2.529092406111201,0
1.9101028681962322,2.676213995278006,0
1.9301742748852273,2.828536352329708,0
1.6295117042964447,2.324024564299657,0
1.3561578007729065,1.0341170290271182,0
2.0148142387578485,2.9377465193543095,0
3.5281076943937135,0.43099547991410914,0
1.8788161648104036,2.5931295489515342,0
1.9452398935104276,2.0401870402390405,0
1.7221107754070628,2.769682998607646,0
2.582405226885378,1.3049413222517754,0
1.6418932187871313,2.834668226150096,0
1.6883631108491757,2.8264214839167785,0
2.1242795425773955,1.232682361899422,0
1.955162304515106,1.2103011050063304,0
2.1363886910131042,1.356996545399562,0
1.626655907586444,3.107790992826829,0
0.6034413407309887,1.7468405814781969,0
3.125067761881403,1.866532567280068,0
1.399244426276171,2.1641383738922264,0
2.1985265519185275,1.072920663805812,0
1.8613583639062836,2.629808192031232,0
2.454216453243958,2.1441611753468255,0
1.7823439749538306,2.0255251972005595,0
1.8851082298044046,0.971121005023005,0
2.0495787467037685,1.2607734264178165,0
3.2197805986790735,2.2513478798663353,0
1.6446338238281828,3.1601803304503657,0
2.0670710350420194,2.8716867401450514,0
2.0736461807766102,2.0159050584682787,0
2.719207146035011,3.5346993989772875,0
1.5646110956249988,2.962398427824594,0
2.0861085217701048,1.8310624837747933,0
1.7160400357581742,2.2252270032025447,0
2.0202936803215494,2.375872289330059,0
3.308341779689607,2.584414043305911,0
1.7501637062077366,2.5825941516386965,0
1.5854035872495167,1.8391101290828977,0
2.3012361438222877,2.0718099493845408,0
1.0254706583624236,2.6440478311573252,0
0.5136088312558333,3.248603441546174,0
2.577989803749089,3.020264593831154,0
2.197616945587294,1.2823853858463394,0
3.119566403858001,2.4887384201835845,0
3.229054570647835,2.260164975379349,0
1.6576031459583658,1.7313662047345726,0
2.1911222660122864,1.4714326584813815,0
0.8808356256893102,2.4001750984237535,0
1.3281070474327343,1.5293944147789809,0
2.525191490985527,3.424364631773507,0
2.227651511489375,1.9799229900869297,0
2.091274354107921,1.0267770932016267,0
1.9434776220362469,0.6600399740844989,0
2.5777946780164376,1.731876568456316,0
2.0550506806666085,2.1921670185914555,0
1.9339787133413222,0.6840788718854893,0
3.0496136915072483,1.6016867064133695,0
1.3114428003878658,0.873005502106935,0
2.968768397303019,2.793703114839493,0
3.066826169674603,1.30317615406498,0
2.12855897939103,2.062115838503279,0
1.641963280446344,2.6796422984944104,0
2.476751795602849,1.557831084900508,0
1.2615476454032315,2.416424109676837,0
1.4127241039919576,1.9069686605137603,0
1.2204742428403748,2.3897657615859322,0
1.080908071728706,1.6148993400065554,0
2.0376007339462445,1.4664609454355633,0
3.3747318009543013,1.2631581224238593,0
2.668893144322981,-0.04630784749017591,0
1.6257428868531623,2.3692868133043175,0
2.4049675564000563,2.132734227042281,0
2.7342436906934457,2.0941848250809656,0
1.8694598997722098,2.4528507272144977,0
2.6446339477435115,2.1642839185555385,0
1.8026753634405404,1.5560881306753256,0
1.696358953807146,2.5693086619714305,0
2.898129891938485,1.790058511970113,0
1.658678482100147,1.7246907266234943,0
2.2576786155086985,2.729559488515687,0
2.1743279791531624,2.374490825435834,0
1.4071569453002724,1.0470285717071173,0
2.614736290578037,1.5353510438233506,0
2.818334836383112,1.5225916915330446,0
1.6488392056363799,1.6262378103572126,0
1.8207437979887298,2.409609791460006,0
2.152935737083707,1.6923651103414241,0
1.2374816121626044,1.2607538244798737,0
0.8282984540782394,2.320219080707604,0
2.7038703772745523,1.7791023757283666,0
1.9495929939085697,1.935079680972021,0
2.101583111963226,1.7194338999513978,0
2.6113661196324474,1.9408035936240493,0
1.931236470853498,2.081566376252569,0
2.2883580137290336,0.6891523774325086,0
2.20502832325057,2.1778398228918388,0
1.85082720979085,3.500897618667749,0
1.7114735946413473,1.2346277249242728,0
1.1382003602961182,1.791149716272105,0
1.6426076977415045,3.1888162737665935,0
3.6048630242653985,1.5729072601537024,0
2.1424862036793297,2.5868963628222756,0
2.630855534402176,1.2049014477107156,0
3.4288244953755935,1.7967989897542647,0
0.5645596078923714,2.1473194591646783,0
2.6299626890113093,2.1867417599285695,0
2.259784083409972,2.2968370094331045,0
1.6538436993846475,1.5585399580933421,0
2.021671251255841,2.004824399726206,0
2.981815765108601,2.9375405874736265,0
1.4720343292527835,2.289087059670268,0
1.6431481358791498,1.3957967024929578,0
1.8145140305360172,2.6377597344200074,0
1.8416701484334392,3.5983080301960757,0
2.7245216484659807,1.7956277755370567,0
2.575612715452146,1.9301573643799956,0
1.9883446046781597,2.304385708402885,0
1.852780841759602,2.216491819422663,0
2.703279294284289,2.0114285536989085,0
2.7251406590431673,1.671294706178418,0
2.3845484157496655,1.552884374816265,0
0.8727648441882596,2.0144337832533616,0
3.298286537340307,1.1247390459081907,0
2.169961498097755,1.851687686547487,0
1.4639061795550785,2.1810784402345904,0
2.9827651824274044,3.2449244628492155,0
2.163367346798804,2.7363335749858404,0
1.1530287821678882,3.1129581720583586,0
2.6960947970789064,2.043173994372292,0
2.353517310486138,1.363866798443997,0
2.229998767282857,2.441074059217899,0
2.1811652529667716,1.615667553771554,0
1.4160013641934188,2.6703490273671937,0
3.5615099099002876,2.3575196694190836,0
2.9527218227870624,2.4858431763394924,0
1.1122138272780215,1.1837138517213137,0
0.9317606321819576,2.995005174623727,0
1.1477261798919112,2.286037601510157,0
0.01274667665135909,2.221067744252053,0
2.1402343727710864,2.2525177260621785,0
1.9828947909302679,2.1768911623607963,0
1.4598655981430881,2.0712960022652607,0
2.0611639737771608,1.863285137799505,0
1.2067344157045627,2.8974182093795866,0
0.42466156824210066,2.0387885201762104,0
1.3662942196721437,2.889621863319984,0
3.0173656991715827,1.2172909456221532,0
1.8622701016272956,2.8308830558047444,0
1.3721715095018918,2.384357936258246,0
1.8295658011026124,1.8428788222893502,0
1.727204955067544,0.44395944141518573,0
1.5195586566968033,1.567871168215911,0
1.9925571765911352,2.307591415344735,0
1.4303820618777423,2.5074162014706003,0
1.349228115943084,2.6469988176660184,0
0.5869912134078408,0.9157589004274045,0
1.4511917808544086,2.5050177852838713,0
2.3312756302441793,2.5294021546676926,0
1.8442067253807979,2.6685794288987514,0
1.9570644609704595,1.6836406250171545,0
2.0420756470112407,3.001334406787497,0
1.4830731572643965,1.806306685202105,0
2.201461409514985,0.8927845321431391,0
2.6287601089611976,1.7357251635969078,0
2.6336181688294236,2.049437794520899,0
1.246176191143382,1.2849664337700306,0
0.8866582059405475,1.7646253420804086,0
2.889811239398415,2.7723867733132908,0
0.7494996482501475,2.4145199785101914,0
1.995140898302039,1.6862876897927135,0
2.7128392849774947,0.8176687558218341,0
1.6887996507008487,1.094649890313664,0
1.8601281472457072,2.5341220448129413,0
2.0393687101428752,2.1505565900555115,0
2.988779306629272,2.019691976405867,0
1.5520353973655263,2.526489109255679,0
3.4774385884472463,3.0362064689836443,0
2.2802933530634815,2.201606961393936,0
2.058099540999692,3.272286478771383,0
2.3447815833220096,2.131104376031284,0
1.6707685630841702,2.6833756970087332,0
2.5421304343083277,2.8837759625777424,0
2.2258305687408253,2.9289553917617175,0
1.5226844396126484,1.9549644801966595,0
2.2057735720805676,1.1880895219199785,0
0.4417945367543046,2.26402106395413,0
1.9283442915910511,2.202536361161658,0
2.7734082451794375,1.4810072463776505,0
0.42510612064696307,1.777766905494022,0
1.9884427991998135,3.6852048805932336,0
1.6030708470406252,2.7421116067822773,0
1.4146183261220744,1.6900404173979817,0
2.018107537910876,1.334334504844151,0
1.8581795610954508,1.9292419518047847,0
1.9020425795045282,1.0225766470275235,0
2.3920971640503805,1.9662192173543964,0
1.6758503531360578,1.899932098461462,0
2.489733888169569,1.7638980815405543,0
1.7619805163023103,3.0834631107000927,0
3.5763290595582777,2.720321629344076,0
0.9052210633235944,4.1364046183846295,0
2.3267098762216167,3.387739752462558,0
3.084739152008543,1.0643120000019914,0
2.044698663656906,2.122064187146597,0
2.150576159527119,1.0236783117585526,0
0.8480875662316307,2.4583971403342333,0
1.7173257977495677,1.7473656986638417,0
1.634970205755234,2.308205801885782,0
2.5874171083306674,3.0903059014445633,0
1.361230338448859,2.298430719213283,0
2.0858947616880346,3.271115425556798,0
1.4767020827904018,2.46723891886193,0
2.4278947385160667,0.7485047453320992,0
1.5515587745089137,2.530170458925989,0
1.9198666489917224,2.4336949165388897,0
0.8767341356271916,1.1809271218045052,0
1.2990095889373579,0.853411203583645,0
0.5735380685347324,1.7317805550174912,0
2.8011538542043644,2.802821610540696,0
3.02737119501648,2.2502231903142884,0
1.8773085650139136,2.277293815915294,0
1.7325139518369808,1.3729480587071772,0
2.819978722043755,2.9295891804185805,0
1.3513536645041322,2.1301602188669273,0
0.7918881131131705,2.3285167530565087,0
2.0800438674556974,2.639678598416854,0
1.8448295514800783,2.4999693454796734,0
1.211386883521342,1.72636447531445,0
1.8508048190583757,2.418182133456491,0
2.1533261926235876,2.672041915909648,0
2.168876635966279,2.8498819269966185,0
2.0592341659736744,2.9765178266574064,0
2.688027628606703,3.111415100914085,0
1.8653729811291264,3.2287408720649933,0
1.5970623400393533,2.737409765541035,0
2.4162247171443147,1.6816897195891036,0
1.9599019176629293,1.959409729182284,0
2.260417692774628,2.5269261652878185,0
2.0004921658439727,2.6271063930387406,0
0.727290549761705,2.181112889412144,0
2.86530902438801,3.4922948142549752,0
2.627271508726397,2.76335501529705,0
1.1861182490541764,2.702369938379691,0
3.2336352052857107,3.5174214765199276,0
1.3828587694459054,1.2732449796323935,0
1.8648379656908816,2.361576605545847,0
2.0919125212828034,2.62930478666045,0
2.5127463487874655,0.7476710078491902,0
2.010914739961147,1.5855420300114123,0
2.6365697812828732,2.424014933696288,0
1.9064961936752998,1.8004625535000813,0
2.539790662970247,1.2146120477810358,0
1.9114946925735214,1.7331668582254363,0
2.030396358406677,0.888547949061228,0
2.393130626739603,1.620605607613965,0
2.79775477585731,1.6270173121227427,0
1.9933523898322805,1.974390258466748,0
1.2990155375850907,3.0738940330874875,0
1.1059817774901646,3.378954055879332,0
1.641745451818691,2.597961225962074,0
2.4975758487424016,0.24732699683417358,0
1.9256950106720376,2.167569873498687,0
1.4576468079389122,2.6152748829798846,0
1.6742485578561082,3.230206757732328,0
1.3291696348038213,2.3478035822727357,0
1.0048037228124946,2.190052225752936,0
2.5365893748084463,1.31811885178365,0
1.919340073827021,1.1979601181259598,0
2.5671878002392488,2.4138548348924345,0
1.98876154150186,2.3444007645789724,0
1.988110481460377,3.2163691041590576,0
1.7645259700029134,2.1321924556570244,0
2.05778565392521,2.062912731224538,0
2.388481266466673,2.8690234127516687,0
1.818675029260029,2.8647839578915746,0
2.604134209446679,2.6247353369295374,0
1.4344600967818861,1.7658635860396399,0
1.7891790581087765,3.1356261184629455,0
2.826204316538118,1.633462982800385,0
2.3586420378029773,2.1525296354612795,0
2.0161124072411543,1.6526546215010725,0
1.7098275307389725,3.17734517502997,0
1.9027384237420628,2.850872030967391,0
1.4105505404362022,2.5501196648726436,0
2.085026539363387,2.995673530420606,0
2.3772994927143425,1.8410635302657479,0
2.7057799060933894,1.650137599881218,0
0.8755363395820084,3.1484564762062086,0
2.3066488912516303,2.065308473259931,0
2.008898472989544,1.9536997983501214,0
2.4051389070246953,2.1623201459796992,0
1.9500147299972392,1.9797852128306668,0
1.3222686256771086,2.776633045345119,0
2.854122622473448,1.4069967732181066,0
1.9069681464566262,1.6192491629661478,0
1.751628895486014,2.1939923491417312,0
2.070973666565819,1.332328936692868,0
1.8970872808159485,1.6139040296071163,0
3.0995908636855116,1.973873871338264,0
1.6152440426137296,1.660627866597705,0
1.1619603911522587,1.3665431329712656,0
2.257362145867471,2.8433848942951268,0
2.93415647709966,2.41343022316309,0
1.2268971747062194,3.882450549573489,0
0.6056620209118375,2.59425033925245,0
1.3243474672156321,2.599661535065658,0
1.4681652344892289,3.146396316066518,0
2.2659802420463286,0.9542635168996743,0
2.2259326555011616,1.8791879791792456,0
2.322011677638476,2.894612916949664,0
1.8306346666848476,2.5882002474988646,0
0.4841254194971132,1.4945397024095075,0
0.8391610535794385,2.008427424715804,0
2.548551712150578,2.2929946751712227,0
1.5366181678014574,1.6837965924634157,0
2.455178272090075,2.337525632759713,0
3.235323557059195,1.6884251865673054,0
1.5246418391966445,2.5632346747032453,0
2.2085431743825126,1.8304766459331077,0
2.0434083856928367,3.391256414925992,0
1.7232722307125774,1.0518510468956397,0
2.2013941376336903,1.78146890429285,0
3.1296875146048304,2.7622672564084985,0
0.42482917729719105,1.4897851726276476,0
2.059778177677414,1.3363694491027078,0
3.0499988427322733,2.0119515657993556,0
2.1162524494511454,2.3764477626949447,0
0.4614969596630414,2.083743726358201,0
2.3191396713691352,3.2321638568472495,0
2.1957618970876216,2.0573208466904123,0
1.6154961173726192,2.6678232417090757,0
1.8675889466732638,2.5277458152537666,0
2.4123054896692984,1.8071520323698242,0
2.651870152266554,3.4543802905724936,0
1.1057254957175708,1.6467999732478202,0
1.062553344664852,2.8648729193441955,0
1.3544640009623752,2.49215636532819,0
1.323793749394494,1.2980006236543205,0
2.4578048411629423,1.5562104111801403,0
2.2156516106176354,1.4323323037390976,0
0.5565019998734246,2.055694852737719,0
1.8867159253383932,1.5043959634747048,0
2.9659468481128637,1.4889593471084681,0
1.9652818973963087,1.4617599836743589,0
2.347294191711617,2.4212544851404663,0
1.7380820207870746,1.2188337958874238,0
2.7878291456898854,1.0496439254049683,0
3.215575048193129,1.45592446114313,0
1.4506861101887014,1.5398626933824426,0
1.1742222187086715,1.8993850253501556,0
1.0207369040679959,0.26245031891962967,0
2.1481704582088783,1.538850018642019,0
3.0864729870320993,1.6410700329082106,0
3.7479233566623074,1.1384149142758608,0
2.1998854481315435,2.816633641481883,0
2.0332458005098775,2.510999201513919,0
2.322859002492813,2.5739300319822096,0
3.061780592552353,2.722655611449153,0
1.383169968042058,2.3258950564745082,0
3.211800063204051,1.9352134433056698,0
2.044636306255559,2.0595292410565076,0
1.3645009443322775,0.9529891100775358,0
2.4396544335229042,1.1000720969346678,0
1.9926353765367961,1.7109602556523877,0
2.977445951963719,1.6097326914101087,0
1.754255920435761,0.9626371565077245,0
2.2991397541812724,2.071639665330984,0
1.7115573077235384,3.3041982466867337,0
0.7459275248119004,2.504716980540073,0
1.8712986450429523,2.3274935981742444,0
1.8496091383916529,1.417881920803291,0
2.5975812312362656,2.374319607568587,0
3.4513534988924235,2.6779591616914677,0
2.314509680720917,2.250216846422744,0
1.0541689542060348,0.779883196486522,0
2.435939090639416,1.7952242314315991,0
1.2511626425246356,1.9618369441637138,0
1.8577871641000243,2.6593406195753957,0
1.0311142088413847,1.9205374900197842,0
1.7292313701399242,1.8411723648316318,0
0.8860214765736025,1.7843853695247356,0
2.0309234245568297,0.6297847403369308,0
1.6383055545187994,1.4207059302889031,0
2.3659006385794488,2.1761934823460916,0
2.751785050351506,1.9748745245584678,0
1.9428798862706498,2.4729231995495384,0
3.3075735680219696,1.4962627441873289,0
2.3962102083719823,1.1224917901782971,0
1.2789402854989782,2.831505137208069,0
0.7914462001753599,2.126788422171881,0
2.7051108253729543,1.55022918277063,0
1.301387668122317,0.6891761700481287,0
2.5423629406843093,1.5743650324367757,0
0.9951304974272279,1.0378942386067798,0
1.8253033634970264,2.7056471928828687,0
1.292373950934976,1.4427805573018895,0
2.160811609460472,2.310314475966896,0
2.275024617648904,1.8930200522007699,0
1.6862402569463275,1.4006145761920217,0
0.7740236475691573,1.8301844580305273,0
1.4555345605736631,1.3103937008443567,0
1.8711829968103129,1.70861722625938,0
1.5284800382993389,2.8173543905748586,0
0.9752004582158129,1.9292922662905216,0
2.606773356810381,2.3738547386156736,0
3.0112786804916256,2.0335144642234093,0
2.272010366827543,2.0074369147623643,0
2.8924521960545464,1.3291819044543747,0
2.5333859065102935,2.3376228307405102,0
3.284104280210009,2.1050699106874187,0
2.466376258440164,2.921275109041707,0
2.2555986536570445,2.4156383844603173,0
1.5206143877389375,3.2927905407809748,0
2.239074954771055,2.278931911114495,0
2.0115327248596273,2.296179644937826,0
2.0601453948794837,2.4876143906278756,0
1.0550686446898019,2.174816945526245,0
1.7450471903919549,3.0929492944882004,0
2.5687215195190567,2.1505211464549574,0
1.9923808584678113,2.2890592281911397,0
3.6089917779210596,1.159211458700762,0
1.8986859971963237,2.590394318914666,0
2.3187622870571296,0.6317072769154302,0
3.3897290519491503,1.3682384309717843,0
2.3787994488820665,0.7565317372640878,0
1.4733975259421142,1.1848642593968877,0
2.5641706109478832,2.2326591329801766,0
1.8806541168913753,2.082051622525488,0
1.3806248150024736,2.3731014105325374,0
2.0982920326544985,2.4682538887461325,0
1.9905751425138045,3.126528268299638,0
2.4178580012409188,1.34635490290413,0
0.8683708583353353,1.1459262872804135,0
1.4243215083708107,2.1784982159075645,0
1.430805372682493,2.353551924914699,0
1.6473195316428215,1.0472823459586618,0
2.0289896912753465,1.8379411082755568,0
2.011200782677393,2.5647210699781122,0
2.142660403084922,0.9687875166540332,0
1.644685891830917,2.268310609329788,0
2.2244566590452304,2.707983546853274,0
1.713858688140121,1.4257070772792304,0
1.569161528395795,1.7109400956273346,0
1.7034612476636422,1.7166854530045408,0
2.681021262773047,1.754412518546719,0
1.9713601013971789,1.1078220784370256,0
2.2169966008580038,1.8889411666101494,0
2.1894628492607167,1.6500323798125671,0
1.407681634978918,2.413170305159576,0
1.8432433059056201,3.040654143860636,0
1.918677472996172,2.8648233594340473,0
2.9219765016110717,2.7817261275698457,0
2.825787668446565,1.8572542468005035,0
2.7214521950646824,1.625289013181194,0
2.8384696122169606,2.206706818222161,0
2.431558486620015,2.3178557690488186,0
2.119984218887916,2.1546596547422494,0
2.613486003727468,2.212250891176289,0
2.497142246503281,1.905824989459025,0
2.383574264460325,2.73367763537653,0
1.6493890115314576,2.310917296416196,0
1.341512362716657,1.1657697405109735,0
2.584030204653954,3.0615794349509784,0
1.8594338287146615,1.121325540817966,0
1.8877915933041558,1.5650418725094075,0
1.4454912287094897,2.132125038225417,0
1.90401023717052,3.014703654796648,0
2.4364500519622396,2.449009753769374,0
1.8097754781141333,3.6449205166538587,0
2.9878540804254485,1.8093803570336513,0
-0.16664582875447742,1.7953137671141532,0
3.106057990240414,1.0726649910308304,0
1.2995609632330216,2.804979172816075,0
2.4845312782359583,1.706234127826715,0
3.3045421889153723,1.3310158689242058,0
1.4307442069867018,1.8058940322551902,0
0.883694380835863,2.2466501661468263,0
1.2934473440428411,2.7363468156744997,0
1.764517848163232,1.0997356455638037,0
2.0526479841390084,2.5808841004795604,0
2.6086658700301886,3.6305368154292808,0
2.660269774260298,1.9558759881196748,0
3.0602751797000476,1.2392028154727845,0
1.9344716566733946,2.6122669286488565,0
0.6702288979548885,2.833474464518884,0
1.8530875906390716,2.17359015683375,0
1.9936389843113627,1.1549717121155703,0
0.898804696869939,2.31437920021063,0
3.587010191823897,2.8064648345898373,0
3.5365464507546127,2.6526160073134872,0
2.672995423447129,2.833357976832699,0
1.7000620086964773,0.7254289294913951,0
2.61912007311939,1.9289297156631025,0
2.537458963120798,1.8433556812411849,0
1.8350604620650133,1.3808369334353905,0
0.6285554165654181,1.0755934447618536,0
2.8411397831396017,2.787059974179528,0
1.8727088977671813,2.137354168213091,0
0.0958523060722154,2.6484892240324873,0
2.654729656467971,0.9243661992231116,0
3.8453982503298345,1.5646718553967878,0
1.749713218130005,3.060274425289114,0
2.3318830386267226,2.1051584456847743,0
2.3791455753440194,2.0861821941902488,0
2.6997651090399652,1.0131310823797397,0
0.7151874400435925,1.9087188945531781,0
0.916503034678656,2.404356919256212,0
0.8744587038647005,1.6951321253498186,0
1.501974427255984,2.3684625774730357,0
1.2993145839377789,2.120917761235992,0
3.9225682460101314,1.1359424933862572,0
2.0088005202220995,1.8523045079591456,0
2.009459200909307,1.8705989668249887,0
1.1264558979727992,2.60101975759661,0
1.4570470343622925,1.4462329052097895,0
-0.008167166721538166,2.405918505313038,0
1.2164286642957358,1.7405781198917716,0
2.9336255570345258,3.038518926759183,0
0.5689959124130384,2.3678695627793904,0
2.2320928051078353,1.090592342288624,0
1.9565900428775675,1.7740620266228324,0
1.9492838016362724,2.129869611483863,0
2.9802885279044253,1.3686999355372438,0
1.5962647799036813,2.539959612225855,0
0.6276227833522352,2.507924111668107,0
1.9064209993175072,1.6885199612451813,0
2.3983305944102904,0.9774402064021988,0
2.1667183857229593,2.8934009727152747,0
1.0532094332012338,1.6987557452977178,0
2.5980291383349643,1.6702201329254,0
2.2217057976994568,1.5213481243815412,0
2.841703706739214,2.404468626840733,0
2.03393125299648,2.039074914958137,0
1.7586882713479826,1.6157923903358957,0
3.1562897603852313,2.7268002131882065,0
1.8239154674570743,2.6165543381069516,0
0.9736385624861779,3.8506312531559326,0
1.169988370379606,2.036398194831031,0
2.096419361061396,1.4754353980511525,0
2.552233024797622,1.1946580160327303,0
2.4449935237445604,2.772392079387094,0
1.5748721362579448,2.6168148347705857,0
2.277075594404058,2.346882511016292,0
2.1434224584742134,0.29074435588716585,0
1.789206544362327,2.024185537374493,0
1.8687599084640816,0.5874342765951082,0
1.754444412628187,1.970583292611163,0
3.065069136113375,1.8065416506167773,0
2.011443802537731,2.439929306070752,0
1.5116054642559078,2.594651524266589,0
2.260018983219737,3.054809533729438,0
2.4820246207912113,1.7761305736455077,0
2.481653716681672,2.5744914474266443,0
2.324776835312537,1.2533952270766915,0
2.1219500747516786,3.4705493997071715,0
1.6982297889203004,1.23385752485834,0
3.4154787636003805,1.7793956817898349,0
2.873651877967394,2.0396007505814726,0
1.4508940857204458,1.3872767744962977,0
1.901310509308096,1.9212591791426794,0
1.8133353593747674,2.3181633832225117,0
1.3549269188814743,2.285493955419084,0
0.9965833352298548,1.996281890076102,0
3.511570753247486,1.5459093175212797,0
1.1731590531050127,2.968847240198746,0
0.8471427118751611,2.8639812125611894,0
0.5426214272671639,3.2944347341379263,0
2.3057867359871684,1.1035304544847115,0
1.9527973434763284,1.909463290474417,0
1.9129713158527086,2.6695424467116244,0
2.9698654633767614,2.1165055543971425,0
0.24371575256231992,2.4119736620000145,0
1.6298432529963276,2.3509141978776684,0
1.2723360430841693,1.329944218848032,0
2.5659906380358626,1.2042482723554921,0
1.8096838826064814,2.987539893592517,0
1.7374872254004496,2.097725483666712,0
1.0536526529450396,1.504299884413929,0
1.7524556402392666,2.8667133478586675,0
3.190272069064162,3.0205379102334513,0
1.5921229965675265,1.3682734196778035,0
3.0457719451733154,2.9330925366468996,0
2.422105894006098,1.60183361978049,0
3.464008254012195,0.5094059297461933,0
1.7510799816926643,2.4464312571742233,0
1.2375729473295611,1.8585106589304201,0
1.4348268804171935,1.2905466208747711,0
1.5530789512206162,2.785772473092352,0
2.4918103275987336,1.8317303844109116,0
1.0391690490984864,1.8461389626411544,0
2.663285634292993,2.826864423782386,0
2.910379446048779,1.443631584132814,0
1.1418619636454808,2.0338672019708346,0
2.002174287742453,2.6353073547908807,0
2.4391769002038144,3.208922398824203,0
1.9778844058545269,1.0870258029557542,0
2.276935581669435,2.2329806052835672,0
2.104624252217446,2.670771470829955,0
1.5590145288048236,2.2956708528116225,0
2.4416214075878853,0.8536871986451233,0
2.3026619690978842,1.2675555301407058,0
1.9140331075849537,1.9592773736203264,0
1.6510160885350877,2.81115575202411,0
1.6922276049685792,2.398547868732956,0
2.0440470948075253,1.9772289659992601,0
2.154616891530713,2.9225627776136602,0
0.9550243032978576,3.0451214083502984,0
2.3641678600464244,2.255689990403938,0
2.0584260367211167,1.5974351362237011,0
3.4149973281997683,2.148030947495302,0
1.600952480481932,1.623297608280756,0
2.3869176408292443,1.7316830419403153,0
1.2271919643040174,1.888237289197756,0
2.283542971865983,2.3881315852707488,0
1.815093678225479,0.9998120765982306,0
1.2705395948859812,1.7577449802094656,0
2.4711908580119184,2.20063261460693,0
1.6954429598635754,1.9760699126306998,0
2.0934258523691462,3.1210899550520197,0
2.1815689549938577,2.997405444616472,0
2.4152795645855867,1.980091182364456,0
0.8538319673988735,2.5567695909959802,0
0.8978834291605573,2.577766876816005,0
1.6409794507118187,2.7579277364413763,0
2.28731831178175,2.6557990591766356,0
0.6096679433277121,1.0776389157826443,0
2.4091662571055616,2.7294702615619415,0
0.9731182290311609,1.181812281244663,0
2.4907449258299383,2.9383846637591007,0
0.9227606643339801,2.6538096155749367,0
1.8092281901224738,2.6813876584802276,0
2.654653845178478,2.205523059969965,0
2.2627630011781337,0.8730996904513975,0
3.443339206635483,2.4815142394696563,0
2.077905087121447,2.5454416505932684,0
1.5805125204631123,2.623527647949687,0
2.668464735569629,1.6077938321472973,0
1.8479795722147452,1.3065195422881493,0
2.9654233506799104,3.0929006270315487,0
2.0898031619244333,2.105994908806815,0
1.8396945909526008,0.459881547716136,0
1.311942552674382,1.7841523898992873,0
0.8993103682334966,2.0354246023165024,0
1.2262764072343537,1.9702059660807731,0
1.3488041593729403,3.1505771628685695,0
2.3036298223995693,1.4939494839340268,0
2.544951497120236,2.146753987265979,0
3.301718156019252,1.903827678909109,0
1.8020478869188308,2.0226918487034844,0
1.6424029389788106,2.006180615538649,0
2.3068038756348725,2.1001383220751797,0
1.4933726669531941,1.702016432680305,0
1.104884443891906,1.6192530460367196,0
1.7568255657915994,2.093423344401655,0
2.0138969948123973,0.7520537042062061,0
3.6674397765149687,2.1985485360388957,0
1.935545682569821,2.4248321923987586,0
1.492949089366704,1.7767388143809986,0
1.956461335185995,1.6196513386281297,0
1.7051932873377753,2.999946265478194,0
2.942778339362829,2.22048274911574,0
2.547763397167683,2.136494047896562,0
2.8998528581235465,1.0787998980923508,0
3.3140870585467823,1.9566235149151436,0
0.8576733360552462,1.5655288050390492,0
1.942251669197127,2.444073808060934,0
3.390885337907625,2.462118600758612,0
2.29713272073427,1.6621155550327733,0
2.318667600257914,1.1604760240003227,0
2.230028599935937,1.1452756205059087,0
2.90121576008991,2.1331417938810104,0
1.609371065172811,0.5101785786746722,0
1.974206889310393,1.5605377300074181,0
1.696849929773148,2.253050218771284,0
2.8288014711171723,1.1107617404295003,0
2.530017547710483,3.482559406968787,0
2.276308003446389,2.423323526078346,0
1.872483882876181,2.3463292238895868,0
2.5607342837538196,1.6311378042631812,0
1.1429539228730616,1.2519406458306164,0
-0.3309354754782645,1.9776368813830367,0
1.1445687944733487,1.9034576337960392,0
0.9796953471585659,2.490507941799714,0
2.911550159528859,2.6051908953897045,0
1.6245075027333349,1.4669118381440578,0
1.2640201905227149,2.440208267231801,0
1.994726709651802,1.5091793633945167,0
1.611776720435014,2.741216292494314,0
3.142041056520246,0.08551889488353881,0
1.9457647854687623,1.8809183179909905,0
2.518207681317125,2.3027884097729476,0
2.280539779065869,1.710635303464548,0
2.569626328137918,2.0201025233177443,0
2.03010504249418,3.4011909432861467,0
0.928225224822959,1.655969590043939,0
2.1249481103717627,2.517876003062802,0
3.1423480438613383,2.3666077305140223,0
2.033203893810296,2.0032712681099567,0
1.8933880588860648,1.7926760871461482,0
1.7059143054656394,1.881172496904475,0
3.014168156335847,1.599765569206761,0
0.6088135564498902,2.861474717204138,0
1.4331535887389149,2.319236939957748,0
0.9065997856347616,2.5317832394259914,0
3.3484323973899914,2.1867081914307698,0
2.7883062328800867,1.9175713929031493,0
2.7701625561135224,3.1238630438837234,0
2.391890190989351,2.3490453763696446,0
1.337992951735425,1.3865938396975586,0
2.385305455580958,1.8341907760847402,0
2.276399248435134,2.433554279862855,0
1.2676312619954477,2.4127721132698094,0
1.955598412199787,2.78147908284505,0
0.8967994036939886,0.8750331225189505,0
1.201794623629561,1.2306835077519898,0
1.2992000173630753,2.401975167457307,0
2.470553221293564,1.6468421581601511,0
1.1353112000573993,1.7560053984757245,0
2.2836786026736853,1.8888528237341573,0
3.65849103537544,1.3829104644378127,0
2.553772735812702,1.6438372692759717,0
1.694562500542373,2.469773586072693,0
2.3993751780605694,2.913381393267858,0
1.3033577510152732,3.4205384979522306,0
2.4393776155497533,2.300631218400614,0
1.840640642402811,2.6623156625216824,0
1.1619227965158727,2.1635036863269965,0
2.4582496295164207,2.7653946905635975,0
2.2768464016771546,3.4156540898277754,0
2.492582169996119,1.8605288949492202,0
1.9062855978890072,0.29647417700994105,0
2.3967507688078715,1.927029466285228,0
2.1968325670615307,1.030755073253796,0
2.173565603253146,1.8981134337146803,0
2.7612709102518433,2.3186382873078752,0
2.2523232100053163,2.755641966075884,0
2.940890457301771,3.1389098197416407,0
1.3300346492232968,1.8092940599032181,0
1.5143849354388583,1.9140055202281452,0
1.644692696013288,2.3655049812563993,0
1.9523357432508321,3.267202015893904,0
1.9115372636311525,1.7655381733145816,0
1.7618099880625484,3.257067309002517,0
3.2177480561944023,2.1367997781826022,0
2.173287870701723,2.7418697675681876,0
2.7694496133789337,2.9286942781638476,0
3.065427404397969,1.6097442705199176,0
1.877901833744974,0.6769467220495202,0
2.416821845060884,1.870421017597109,0
2.299301401472358,3.703052131449585,0
3.270929930581469,2.8745739861588433,0
1.0969760061674976,2.401262257470441,0
2.3327652697299093,2.0392742709936296,0
1.5545996296004652,2.5420820374592994,0
2.0680950679385206,2.3441474669293347,0
2.617831423326638,1.9590796869782072,0
1.0178604993516722,2.418710085678713,0
0.33025786355475684,1.7566787217801623,0
3.15160885546877,1.9157338818948915,0
1.3504073839058819,1.364210864823236,0
0.08147647650839529,2.2656999291312383,0
2.7858023929246656,1.7666756610741265,0
2.367957861449134,1.9869345864094248,0
2.5831946075935344,2.178946814086088,0
2.594593774797798,3.0563841495969886,0
2.746794649159712,1.229880292460885,0
1.9715020175686764,2.01355759226972,0
1.4735991609254164,1.8922350130486458,0
1.5157228543315766,1.578659743298008,0
2.2343176020189524,2.1881141494581025,0
1.7579615845997378,2.435279828872707,0
1.5763446498377436,1.682773924553588,0
1.1940848433897904,1.1900065556752837,0
2.5200885776954864,2.4552284254158336,0
2.573731763933548,1.4651427574953366,0
0.9988346338630485,2.281974507700642,0
3.071933479705125,3.1901626405122716,0
2.132826858584478,1.2304780865891103,0
1.8559908925300292,1.279922971945273,0
2.8968977635619724,1.9837997836143355,0
1.394246348496592,1.9101391904629867,0
1.1684603915798175,2.6386729475100026,0
1.7554802952150226,2.9151446695725967,0
0.8337118568602448,1.7174444061400531,0
1.7729238330499388,1.8002376155220379,0
2.0740109943106533,1.9134138731408796,0
2.2278796471008357,1.7363672346528392,0
1.7444697748910833,1.6508498751011502,0
2.949310865241366,1.951880801963882,0
3.4051199234279856,1.5201818712815447,0
1.4932333257716106,1.9676845709645354,0
0.7504907263584897,2.759909121743196,0
2.046742357895463,2.901896560036911,0
1.7759988711209824,1.6882505273742188,0
2.079063213481677,3.465133411515678,0
2.0217676165829865,0.7843746436940067,0
1.7643996598205474,2.749052271209093,0
3.28858149138624,3.036562189590816,0
2.24836376701395,2.6603495127243177,0
2.284421549319242,1.919407811781102,0
0.8395147258735567,1.1844496649402643,0
2.8012126323480855,2.1700684586061505,0
1.147323323012503,2.574233444668386,0
1.1608664263820256,2.3122410173850256,0
1.4255345788074294,1.0662416795804592,0
2.3231963219033442,1.223886610736057,0
1.7468208212781493,2.524392796989639,0
2.6924645615580074,2.0511595706415493,0
2.1400613985454253,1.7084051984396194,0
2.6886372809915535,0.2266464540547377,0
2.530469509364107,1.789977412900008,0
3.0842925046362324,1.7617636520003663,0
3.1904411399422425,2.446467786885514,0
0.7100790507580887,3.1363659968471915,0
3.165486988241672,2.0812945643360194,0
1.9086219908096425,3.280410794696289,0
2.3505592429413475,1.6341703832684897,0
2.227043673640933,0.7093059804973583,0
0.8388527276752207,1.9341311716413032,0
0.845078787660912,1.5171121841915929,0
3.475620482965751,0.36339942914578516,0
2.358204521876533,1.8297297518060167,0
2.1855568667423944,0.46695501236008075,0
1.2812085440545693,0.37423859518300007,0
1.3897661691995618,2.3037689170956948,0
1.0412372542287822,1.269957108216317,0
1.5239454886057657,0.30121330512974653,0
1.562940415425691,0.15441287546925309,0
2.1012344547214425,2.4785479958154504,0
1.8694655601228303,1.916154230999524,0
2.6661733229772615,1.5094103579344242,0
1.141850977961695,1.503026009244998,0
2.0251579186851805,2.436802393216747,0
2.109115216393825,3.777707004048249,0
1.8214646607975147,2.9270995162498767,0
1.4334111219076147,3.4069617218609207,0
3.1617287445466333,1.7596078874633447,0
2.278730908906105,2.274773370965332,0
2.0105753914738207,0.8700103700256818,0
1.6602861485982632,1.860095683523559,0
1.2205220449943415,2.2637894368765044,0
2.456483423824816,2.846424816755499,0
1.4541744597439346,2.8505968788450673,0
1.6584228775944683,2.7861398131437625,0
0.871022782844729,3.3933316283395003,0
1.1232787776736664,2.7208585886488286,0
2.6983681578846963,2.6125792345980625,0
1.3891282856790719,1.208199015549545,0
2.55396164084255,2.0391329593125045,0
0.9198887242826255,2.4570191153839196,0
2.5132336576146925,2.25146811470356,0
0.04963125839264371,2.291375015075267,0
1.8553467810768958,1.6994742405479542,0
1.603278785935607,2.691507003176863,0
2.354020715722031,3.1166688440632893,0
3.770593954101626,2.824509923499579,0
2.0852368716000846,2.094669492958196,0
1.1997951954623955,1.587751827794805,0
2.8067086923678293,1.5972311248205564,0
1.8700429473195412,1.4356388469830734,0
2.92813719678621,2.4855963806740684,0
1.7488818709909038,2.6738497204607934,0
1.339310518186188,2.297286897624101,0
2.8507159467942063,2.5479865197307094,0
1.0589717889571288,1.78114643231994,0
3.43433428001086,1.72043872119786,0
1.94385344226978,1.6037210842755965,0
2.566884912534087,2.5987670412147876,0
1.560755728353324,0.17724527758825226,0
1.7159534848925844,1.9363108817811352,0
1.9172769423892446,0.7677957273927007,0
1.36787647945778,2.003640795199532,0
2.3413717088448585,0.5368207228642028,0
1.1097012356968101,2.07401542350154,0
3.1706201094941546,2.2872062627175023,0
5.501266351586596,4.44933673275402,1
5.407937013558,5.898771002622081,1
4.553241884269128,4.820354214518259,1
5.781334572457625,4.186870130509068,1
6.164505726886433,6.561930390874792,1
5.760546716610096,5.678415225678727,1
4.937774721186307,4.353329887819421,1
6.0756620346388,5.915283877609605,1
5.2962828163415505,6.174494772037757,1
4.504362001517102,5.877706434693681,1
5.179879106240578,4.077496063034992,1
5.5837131552543795,4.548299617382147,1
5.456477763300329,5.3092491217428375,1
4.441912492642965,5.209274248968259,1
4.963490389189065,5.073693104268852,1
5.06860481572988,3.7954604028079517,1
4.665071743851981,3.4336358174986756,1
5.479761345945206,4.491203118012447,1
5.2845678757765535,4.396292428550813,1
5.868333436193288,6.381637580618558,1
4.79950288218487,6.1378540855295425,1
4.201382298568042,6.070664011991518,1
4.304243765438674,4.488384941548721,1
5.8034480859299675,3.516667763714511,1
5.696862192567183,4.324840124513395,1
5.733942397104592,6.689890094224683,1
3.787227098901563,5.540640046364512,1
5.5141505850434065,4.17767593754147,1
4.639270677005233,4.890946486074886,1
6.048584043938703,4.080654749000301,1
5.048346869051289,4.584357457676194,1
5.807638427342857,4.583138075665904,1
4.70826570684527,5.748225057114013,1
5.8935210890642065,4.639573354632937,1
5.477587312312323,4.795901659965319,1
5.713658194195627,6.385227168415069,1
4.365654298628155,4.710367770034694,1
4.596269990003797,3.901728930624386,1
4.8899794795620135,5.081495360813471,1
5.269062840670612,6.020247167688343,1
5.285857066511017,4.931692454451863,1
4.307882362883988,4.2445990427489475,1
4.372612409152529,5.1274277745704975,1
3.954025387463313,4.640661747435186,1
4.906883841931273,5.145989492725394,1
5.364703941879691,4.9190342759687296,1
5.2964404669731335,5.051012264534038,1
5.249603406828278,5.950085953750026,1
5.398872960437118,4.754097115575439,1
4.301491578515564,4.901130328775845,1
5.541559019219979,4.402459595454868,1
5.765414656827423,5.356433450144814,1
4.503266864489784,4.845600762105107,1
5.3888530290244505,5.562678659520778,1
5.957398517830087,4.977259141376344,1
4.8452752090960045,4.672730066096522,1
5.066986233882087,5.664668555476513,1
5.528885012569686,3.4669843866791883,1
5.511225012005399,5.582801498113965,1
4.225175177129742,4.479395563880644,1
5.301291023716754,4.511395589914334,1
4.507705626999629,4.886536022187288,1
4.953043722782782,5.358322066640579,1
5.530601472678569,4.837941928352558,1
4.535041131808119,6.087823304698352,1
4.970649627484613,5.768732925271523,1
6.194689522585,5.822882847798384,1
3.9382776237593475,4.252644856416311,1
3.971977383439371,4.472770875246569,1
7.481480875932462,4.697745059875574,1
6.2644863586842785,4.42738588088992,1
5.503142493243415,4.0188661451041146,1
5.86682648894912,3.9186247714468667,1
4.736530812736142,4.8093282852742805,1
4.203246631157682,4.682182122108391,1
5.076376206792044,5.927650511136466,1
4.1614115877029825,4.933511807548689,1
5.064883497503482,5.127582369839456,1
5.560484455666998,4.978447028418494,1
4.386654354442436,5.053011182783545,1
5.451498031753168,4.793243460435151,1
5.750236725100001,5.42793668922,1
5.622394856158491,4.234526926967665,1
6.268132924585733,5.702481380178016,1
6.085349352244857,5.172392445314434,1
3.9862634932063163,5.960154517843094,1
6.0135269011745525,5.284157908565216,1
5.5056335330641994,6.06799900911757,1
5.483339470383075,3.9292828680846,1
5.750113563904305,3.9103025159392297,1
5.786601797556506,4.880941204555187,1
6.289567524428631,3.981632125970637,1
6.120791795995631,4.733607830667989,1
4.976338213243746,5.67680461289715,1
5.230660185338707,5.216366484993347,1
5.438960133317189,5.614340050199458,1
4.741562914531046,5.960706552780766,1
4.903801426054668,6.20646836078986,1
6.6560920715380725,4.4454160315705025,1
3.656304636968309,4.828064875760913,1
4.559968399310195,5.548264467785973,1
5.447871677263462,4.304283050365644,1
5.94290784041906,4.958622665700939,1
4.3708495411648585,5.944299518148819,1
4.793959942529266,6.385755835757971,1
5.335854179103713,4.6274014194202575,1
4.936711825257871,5.007822645520678,1
5.555363265256167,4.99033697752438,1
5.104695285533529,6.190427731085938,1
4.781503423433838,5.117361894157739,1
4.276485605118161,4.588613671908822,1
4.696908420975724,4.522880724844145,1
4.211321892202275,3.685113415802454,1
5.386320279126267,4.6850591833692485,1
5.236466250619315,5.129343699644861,1
5.2071113060468734,5.600514275837981,1
5.865503543096953,4.580816502838768,1
5.27125656893836,4.509673599481717,1
4.527797621971412,5.418414539326067,1
4.281702713662336,4.486500696256469,1
5.470682878271439,4.8646930874891225,1
4.609713093293131,5.01318314926063,1
5.564547244719243,6.538148010672822,1
5.777907961148382,6.647517718544009,1
4.385755997113592,4.7207149586421355,1
4.346693170013383,4.998190259697655,1
5.144375936700764,4.923695111166557,1
6.952194312390082,3.4018965920161572,1
5.939662573530187,4.9294936747141875,1
5.407913481807886,6.408924045791892,1
5.083305028040979,5.017106814911943,1
5.763231691553493,5.420251668490994,1
5.226608490988233,4.5757340021794075,1
4.753336056410567,5.247366980021106,1
5.356257565449595,5.315128490010038,1
3.573176750246247,5.340743566680019,1
3.416249895285933,5.247830518512197,1
6.684437601530192,5.780528548256221,1
5.444805015313298,4.151539814303962,1
4.49497714235452,5.283182713474752,1
5.607651811706128,5.194078671009462,1
4.891765631292757,4.142174157625109,1
4.529316591157162,5.803295775079368,1
5.281344572244841,4.114563799400491,1
6.027770292241512,4.870757210826196,1
4.656892403269851,5.582733296634432,1
5.230328375873399,6.247851697731117,1
4.74978651112948,4.347604818077609,1
5.818075383200105,4.638996624948694,1
5.8424730887475675,5.0898046906445815,1
5.518107285751642,6.024931338857452,1
5.287314174368416,6.364049342533909,1
6.510337157214361,5.582910765625748,1
4.1367176048942556,5.864806963715534,1
5.621703001532407,5.122671561093716,1
4.424482455234813,5.185628089032525,1
6.027252204274241,4.847412284658621,1
5.385250074775265,5.532183407722156,1
5.337396409412888,5.160462612852915,1
5.664353762570875,4.207071871885421,1
4.7031849140543684,5.292056584620652,1
4.846025760249423,4.021529258175995,1
5.14970451637959,5.81644780124046,1
4.322705623436646,6.1396560291478535,1
5.5421396112060775,4.566990848631722,1
4.868784439740519,5.455931923175056,1
5.855102177553712,5.778702282750891,1
4.377378080461869,5.660415550077142,1
5.0242906544233366,6.012245214413515,1
5.161830984506246,4.123457572347038,1
5.288600842232671,5.897290825841766,1
5.103299600261302,5.308098690275901,1
5.369933689941168,5.150084240649342,1
4.6349209532943965,6.218021618059134,1
5.153575818955808,4.458623568746387,1
5.440378989471214,4.867984988529543,1
4.427185516613134,5.314598815820115,1
5.428502923287668,4.2206115049836574,1
4.555508728157886,5.052827560590353,1
5.006139967177145,4.650646650621543,1
6.801501197826596,4.325873294241554,1
4.148621229441437,4.76455584399108,1
5.301019904099237,4.848814524507938,1
4.335736717419184,4.277748778245735,1
3.9669661148220294,4.892902136112022,1
4.470244356129945,4.233900628855765,1
3.534403745693251,4.894048175296519,1
5.573298298106186,5.03408942072625,1
3.9045674458556174,6.017492475584617,1
5.0670109392768055,4.030696267431804,1
5.088602543165867,4.323309855094143,1
4.6816543547674945,4.514988788121144,1
5.487360098646966,4.985867477294518,1
4.548652474405832,5.96371877361174,1
4.222772006874598,4.956137029263954,1
6.852389516571328,3.9151177667327195,1
4.557620498707438,4.640763146514384,1
4.88493045612092,5.506824456181304,1
5.461715277601689,4.04342402338926,1
4.7270996481446295,4.180669420603315,1
4.995210039956162,4.869368650086975,1
4.773761301070717,5.700815702823942,1
5.46577054752014,5.215145570125684,1
6.214054408910941,4.273283747589375,1
4.871043935079653,5.339491892302357,1
4.756601445252873,5.544603895420776,1
5.14785888603566,4.786296494491216,1
5.764176334479959,5.758701608106813,1
5.182431967421096,5.377082709057072,1
5.827307554462544,4.692708174771146,1
4.962698227499719,4.58224852368151,1
4.493659057914401,4.641908175384175,1
5.997919881909468,5.194465509004578,1
4.722870381796156,4.547728196409729,1
6.613185267079297,4.577654834566365,1
5.316306867398993,4.312189752559652,1
4.858125644448153,6.554204201403091,1
4.490772044520208,4.678203174570484,1
3.9587050992106265,4.666303261897632,1
4.963708378202369,5.7183397891946655,1
5.630101668690845,5.976284620919988,1
5.63836866078378,4.585157146074763,1
4.138180313380918,5.490606902951323,1
5.579601562031767,5.1630178354887155,1
5.332391527067424,5.619041591337662,1
6.643203500177363,5.356479645191101,1
5.5657730350537475,6.195033626463646,1
5.003393862562879,6.0285380963768,1
5.247780697444149,5.344093046767779,1
5.924520290960338,4.3986590106982595,1
5.028383449880515,5.091417040725635,1
4.8332492233733575,4.872260250243638,1
4.179026469550398,4.160070720656103,1
4.499606497989216,4.345502980405291,1
5.352674583795311,5.282053007818379,1
5.617821505389829,4.160129928059444,1
4.710415847076234,3.9673864387232927,1
3.6762139138299936,4.733193853308387,1
5.251045880252737,5.96348333544638,1
5.4793839790374905,5.5411485192413945,1
5.217374658654131,4.10694576351915,1
4.381793372061693,3.7081034785693685,1
6.094279074528739,3.867910424363594,1
5.445369797886635,4.923372531971849,1
6.007216137389368,4.856678174660342,1
4.59189041313136,5.414906190454393,1
4.577062246062275,5.494717373220378,1
4.893923324585558,5.166116245173148,1
3.0810734931648622,4.8818974077887125,1
5.235506560126277,5.822250764537731,1
4.105344915320238,6.499091760491515,1
5.773741463739397,5.672145092576567,1
5.105741649502758,5.345482643023955,1
5.447686342827683,5.402979292806024,1
6.081419999250916,5.338595736559274,1
5.158443730845554,4.868278469335181,1
4.75167066038315,4.9340573592084365,1
5.660406897574224,4.519263487363399,1
5.921959191672543,4.60463659696414,1
4.281705736952013,3.4376292824258816,1
5.097492416705951,5.126004996836959,1
5.85493356071363,5.897038235613036,1
6.07232328850232,4.57447996053776,1
6.386322346558311,5.237504042120339,1
3.4658504672054753,4.918010461240139,1
4.424060078589508,4.267129242812191,1
5.450971700992255,5.115839511978238,1
5.113208918351096,5.1157531436173125,1
5.219977046579518,4.395467886274069,1
6.165064775411363,6.1854491556256725,1
4.2966748364805305,4.92046089889159,1
4.1491391972042475,5.491406572912564,1
5.979748881410198,4.242176606981844,1
4.927992192189126,5.256078981465567,1
4.249222614199327,6.289236256151859,1
4.304638005589901,4.311840042152113,1
5.836642413700509,5.665620921087656,1
5.291353032313502,6.6780280103997285,1
4.597715309345116,3.854194678158769,1
4.46120928343075,4.5281562150664,1
5.351634732070982,3.3528801927199865,1
6.067054690306035,6.048949338214214,1
6.0862806124786495,5.779918827540757,1
4.1088078314843415,5.848599719889897,1
5.159491475000061,5.701254069232416,1
5.140795976860033,5.430021723276754,1
4.779287752827602,4.49493678146738,1
4.53698140648186,4.92914198068145,1
5.423184648254952,5.181436507313734,1
3.763568142686861,5.575824826853811,1
5.381222966207171,5.62541075837158,1
3.689487297343783,3.627958510234387,1
3.737814100730226,5.981050037159524,1
4.893934446901587,7.140809960610444,1
5.202466699769134,5.41538176333992,1
4.8535738941296565,5.237428886792759,1
4.5342903175942535,4.524850539537055,1
3.673816467238865,5.142235269503853,1
5.444535231080497,5.756091289822509,1
4.00390490713382,3.98629919607207,1
4.695380539261793,4.799844430849862,1
4.713257612006294,5.8298347689942975,1
4.1844411617476585,5.735275806506654,1
4.882654967858527,5.667230775386815,1
4.845165055465735,6.635449718662878,1
3.8433768834171387,4.9480041083301725,1
4.267363528685577,5.4654776132117,1
4.985984545533865,3.7046666956777417,1
6.669794749505973,4.38320007116377,1
5.010815831484593,5.168222421762955,1
5.45633009655674,5.570996810095176,1
4.9527867033396085,4.781460576633573,1
5.013921089966499,4.728794940028795,1
5.019224386110952,4.686178693085541,1
4.4396849565227186,4.718935460042727,1
4.770705249039,5.308080102339237,1
5.222579390813499,5.462271527754166,1
4.186865504591275,4.1075841531322865,1
4.424843799283335,3.6904283301713265,1
3.608686049742009,6.595734496284573,1
5.014990066232455,5.5699230648260984,1
4.956854539885232,6.695399676259777,1
5.026554264652533,5.650543639772553,1
6.097983938999888,5.375130733748609,1
4.423349943892028,4.771614634205258,1
5.4587092319186645,3.9938544027183296,1
5.828042809916342,4.595650845057209,1
6.267758775934971,4.678344100294048,1
4.176895295575095,3.3607346955756316,1
4.707278865953296,5.277205560706048,1
5.828250832464603,4.916719185408246,1
5.231359326541021,4.1820150706343915,1
4.7995113100644495,4.9060971316482345,1
4.340503380083897,5.013175626622591,1
6.1295617700195475,5.975428706877114,1
4.606666800016477,5.318944024599044,1
4.385947016967616,4.677125110212392,1
5.908773630322028,4.643381053606597,1
5.945960661622207,5.737827945312937,1
4.892305852284771,4.9573553600971545,1
5.113750744570823,3.8957922781381287,1
4.326219536215377,5.476819650022552,1
5.262045576486283,4.7848799159897935,1
4.843296197376709,4.175962015588979,1
6.112145629459316,5.118666734213225,1
4.124103021922838,4.876845655194259,1
4.7133630934970565,5.603650712546965,1
5.917694209192636,4.627449158522468,1
5.3488260075081016,4.468023004493881,1
5.345717830927354,3.7519705087845474,1
5.304216733787968,6.08384713302306,1
5.400930816891226,4.267726505318783,1
4.7138380832995415,4.865323520811165,1
5.049034203040178,5.676872297575528,1
4.9208461405595365,5.425359753895762,1
4.407339971839395,4.360234818506889,1
4.882033376717578,4.4346105931006194,1
5.8262903841105125,3.811319847577262,1
6.807127969015536,4.747336172621882,1
5.576506490624503,5.231507570349883,1
5.000906923224627,5.853857499308021,1
5.762203757366743,4.134695805993405,1
6.00168302944988,4.910870030478563,1
4.783187372088722,4.650772951574517,1
5.182541785996644,4.606921720874475,1
5.414275313517326,5.412700547482145,1
4.6091965623517455,5.046266161675005,1
3.6039693998986544,5.6779260479759746,1
5.031845087290947,5.643008705860286,1
5.186526190984823,4.045623063095553,1
6.407981716554515,5.308724708552033,1
5.280033917659212,5.6480532373028165,1
4.148663872463584,3.552700298141958,1
4.167294779427067,4.181807570923814,1
4.853442965488499,4.4438248862341885,1
5.086652495929256,5.9501678792795945,1
5.37716660464162,6.093480998714476,1
4.264189393077263,3.7521639028212728,1
4.667450125511915,4.607095705079182,1
3.1537411873728,3.4392110023852043,1
5.459214208458576,5.648226260571343,1
3.8675096957057034,6.5153974782549255,1
4.289935702317699,5.290185963014774,1
4.408307235955233,6.152041620598465,1
5.908529047451555,6.669375025867388,1
4.973281307670469,6.538677892500286,1
4.0029037110904735,3.958437894985993,1
5.453749063318082,6.245545041770234,1
6.676364358183585,5.447233966518396,1
5.023895627180696,4.688862181385079,1
5.541040462505042,4.333947745789221,1
4.835421661086753,4.52735444855415,1
4.602668809053909,5.507156391017952,1
6.072990785932858,5.527966233083033,1
7.020753747952231,5.513901972444371,1
4.907047714042157,4.985155653806241,1
5.475206238330188,4.980362514144147,1
6.6154036695365,4.217043832431386,1
4.5287657492001605,5.3744065258110005,1
4.916511208792086,4.4765689787537095,1
5.65456008257814,5.2613616979565565,1
4.8147947816164764,4.729303311931181,1
4.344908886588485,4.46063909176335,1
4.30089173701244,3.451670961822564,1
5.003200084153496,5.689869636018217,1
6.258710195282665,5.794431305867801,1
3.934448634187274,6.809564356568776,1
5.321858351295809,4.441583516058874,1
5.232486908451954,4.4604843194142125,1
5.986898423045359,5.535204447184549,1
4.7799898602268485,5.413090521859591,1
3.0908278139065617,5.676579159311993,1
4.815863141066864,6.041821459350636,1
6.551419584106889,5.593209222298404,1
5.425829773190051,3.9196506492829943,1
5.579555136413555,3.4916942760742593,1
4.7606902891276865,5.5017101488972475,1
5.865040441540946,5.565093077016599,1
5.710305564824509,5.044794847034398,1
4.764780648851086,5.4977595448689565,1
4.985151181922489,4.900607781251656,1
4.680448680362646,5.1074349894399855,1
4.2881854842903735,4.243022836530091,1
4.652261559857501,5.687022784469974,1
4.6427077686088545,4.843677846222855,1
6.099383369963385,4.4636059260157195,1
5.181803633372561,5.327344364436163,1
5.530016685255969,4.988927646893757,1
5.865848038462078,5.9157415394858415,1
5.7184416821181525,5.7749302599964505,1
4.308184862929649,5.34558788363822,1
5.011468720323419,4.54179368547263,1
4.951184248950962,5.486169106871811,1
4.6694869029505,6.089025903797833,1
3.722059265129337,5.779417570873618,1
3.8359845041786347,4.545336075485259,1
3.945709046071781,4.988560327190452,1
4.79510564593044,5.112779116524734,1
4.673289150110367,5.587262320980438,1
5.743172242152982,5.379621663508988,1
4.259876683284488,4.968985037554622,1
4.170414697692819,4.541978514352392,1
6.165251175009593,5.577153430116367,1
4.253406780792512,6.014168315431593,1
3.699056987163732,5.099727060173365,1
4.095797073937006,6.177062505575748,1
5.4342249086612675,5.019912222338749,1
5.484345513227909,5.35298253739512,1
5.775775540411343,5.476218258982411,1
5.571095435113102,4.985650947036448,1
5.116682469717388,4.1722701311137005,1
4.688693340748583,5.612158648506827,1
4.288634954258641,4.574933178169012,1
4.470304786007601,3.3474820552223075,1
4.77290558340023,5.480771736852096,1
5.4509805092173425,6.054105917179871,1
5.060627815467287,3.529524235583409,1
4.424565447002239,5.33671357954555,1
4.084755610883212,5.293710297167368,1
4.646055977386215,5.568448334873233,1
5.917965576285473,5.696798264182767,1
5.049356729727715,3.7690871634381016,1
3.5801852821092495,5.00973729574687,1
5.0236631862362024,4.769382710361642,1
5.624238820447062,5.09586995013479,1
4.3561451568720395,5.152439772864496,1
5.88051862359286,5.197336779865567,1
4.90913551802843,5.363521500602789,1
4.843729073597986,4.9446333902196775,1
5.4312225026137195,4.4468109026718485,1
4.996866014434744,4.456510119389279,1
5.776624784373424,5.488591532475362,1
4.799703176968964,4.908707024736094,1
5.643374805831102,4.332678714354694,1
5.051831991507696,6.8573670504242825,1
5.555818124573294,5.932753175849064,1
3.8824724345335326,4.754101726565297,1
4.598984847800869,5.005820749975578,1
3.7428196120990354,5.188275504621597,1
5.0669696128123185,3.4656292505170923,1
4.546949717025408,5.22545595792908,1
4.744625105417827,4.360378380037571,1
4.893276482250276,5.321001390011583,1
5.202435593760862,4.997944962790168,1
4.798102454264801,4.483700101723633,1
5.327208845452025,4.718622167933647,1
5.119721489458911,6.348853391415284,1
5.149195300900429,4.270032455106999,1
4.985237688973744,5.140249317332826,1
4.798858881838996,4.122826516797406,1
5.131084981893372,5.830733208972442,1
5.1556333070429305,3.823229353543809,1
4.614545125146066,3.6333752738900356,1
5.335695716443156,5.565421548350328,1
5.579862151615299,5.340021147157889,1
4.43947354139762,5.5860979164727285,1
4.688435480212748,4.942781698074202,1
5.3873118148201575,5.521521554069209,1
5.587884177602349,5.370069234542715,1
4.948720455123639,4.200218900788666,1
3.9724819111481895,5.506624566101275,1
5.497006864172135,4.81228409952095,1
4.534751063536585,4.563010997682437,1
5.711014191292541,6.143913020540601,1
4.110199865611109,5.450073072183612,1
4.904653839906838,5.143425196626121,1
4.474488659693695,4.92454874922689,1
5.148767343981061,4.472878272742131,1
5.427144391348966,4.145550420616913,1
4.3005447781048725,4.084865934489971,1
3.627507153315989,5.472963737506523,1
4.410380261151853,4.948022743374276,1
5.344052831934702,4.443702420422987,1
6.5805027638501254,5.250278463329862,1
5.847533779861142,5.686030485525202,1
6.356560627139582,5.662689448408942,1
4.566564082850341,4.0032085897465715,1
6.082506393431496,4.53540288844515,1
5.8897077445249995,5.000427554990954,1
4.740887933521416,4.775377635796368,1
3.980384802731151,4.879272206370172,1
5.6729233879351995,4.701788035811978,1
5.882993150125711,4.124867745929189,1
4.60014883422711,3.8781525963819496,1
4.991629852111923,4.0283908627642875,1
4.9486246945467585,5.145153294319142,1
6.0361964169012605,4.171254332797803,1
4.444794610445471,5.236075930834621,1
4.052869982822028,5.377025008832977,1
4.878603925460089,5.793248733879446,1
5.289994246100833,4.5171138869620675,1
5.384385502893436,4.535187795963888,1
5.255811507943821,4.450466780398675,1
4.49876668821419,6.425934954315524,1
4.689020140294324,5.314574420974631,1
5.951074466563938,5.031518875286361,1
5.965753217406485,3.7111559780414414,1
4.975501732963157,4.960556304735343,1
5.634543575767719,4.943409508624052,1
4.9720609641808755,5.736678889496111,1
4.481660093913547,4.311828196358901,1
6.176610638943591,5.66316390087586,1
5.0912074102786455,4.809315932694773,1
4.875001232434271,5.017072875410332,1
3.767628628812407,4.966909924419597,1
4.526474156836429,5.7398670869713895,1
4.5023085612638845,5.626736415652316,1
4.491765388918983,5.186724794490626,1
4.404547272102245,4.647405622374289,1
4.27019060971963,4.949184830190913,1
6.235511839551789,4.844010745951831,1
5.803334488226858,4.786448650997327,1
4.637845068630125,4.800784921150116,1
5.248599263044785,5.036589925530615,1
5.268100624601294,5.568675045879817,1
3.4466951305475138,5.037196071054165,1
5.118767883075787,5.261794323196411,1
4.935726874499166,4.429723574699747,1
5.115023936763332,5.037129336947289,1
4.613192718685592,5.77711902127251,1
4.6515859119017,4.5235080956218,1
5.540286154434292,4.446540884211205,1
5.739393767636555,4.906633208930756,1
3.357664341579553,4.5913706987327245,1
3.798257289671308,4.757943863708024,1
4.941471062212522,4.612905792723006,1
5.291026296318158,5.151248093514745,1
4.220462212354622,5.2122592856013,1
4.701065195135673,5.709548943301782,1
5.160079793632677,4.213739590228683,1
6.0929140377814335,4.517962852655339,1
5.319544788918177,5.073513259425378,1
5.694863209467859,3.706498117648641,1
5.514717290905978,4.960868282305526,1
5.320615089649725,5.810058238150102,1
4.1184111438713416,4.422222227634678,1
3.8097561246490304,4.645668921333724,1
4.939726287059689,4.816948419485643,1
6.323039857784584,4.193097352206121,1
5.011081317721326,4.526604875662596,1
4.470614569252081,5.231284945885017,1
4.35491054480931,5.148824826316641,1
4.803507303890902,5.10767198447036,1
3.8563193368174318,4.2760274232342415,1
5.580587864213476,3.9182532818423708,1
5.8327754327798225,5.375080062187846,1
5.375538083313957,4.048911979550981,1
5.783743092533421,6.209617414638894,1
5.314927135068288,4.45576366602618,1
4.278861028556857,5.67589540372087,1
5.487308045104016,5.235332909294954,1
3.6325393021772396,4.412557897141071,1
4.6215939148426415,5.025824801628528,1
5.581159655754205,4.288742452401575,1
4.342651949562991,4.3326209666314535,1
4.364337777535165,6.328284298907109,1
5.983273028580399,4.61265058711895,1
5.322075383383263,4.249498475233813,1
5.2903287227012905,5.663388893483294,1
5.968111464779213,4.787921853385691,1
4.869521365474918,6.168032494751953,1
4.6571359049329715,4.429718652833764,1
4.263013416373736,4.267734940041803,1
6.087450627288225,4.342529504087451,1
4.962893558723405,6.132973003512778,1
5.448898628237162,6.374832289416478,1
4.769447288669029,5.4644745141166595,1
5.358065327060094,6.309618948629281,1
4.5923325885585085,4.204482616566368,1
6.493495214390421,4.326270671316823,1
5.021456224804064,4.325729540471558,1
6.057392758656917,6.1558357504800885,1
4.903153851288784,4.4657385420559255,1
5.234601615218718,4.918151462392116,1
3.599586185673763,4.624934373534737,1
4.609094717973812,5.682666751219971,1
4.3989676584024,4.974806997084618,1
4.986876867922789,6.054991305890242,1
4.710076833899016,4.944387106154032,1
3.625473210608174,5.413478317404263,1
5.110893298260722,4.792404266326197,1
4.4781442102383435,6.487286903495628,1
6.516256657586364,5.515093124642572,1
5.7687402019287095,4.259507373183295,1
4.86078195451347,4.426771441178665,1
5.41550941496201,4.786872272104256,1
5.7496535067587375,6.4883456186954716,1
4.793506230930917,4.111885366287951,1
4.63369445938761,5.869461628844915,1
5.40957185258074,5.770174046687792,1
4.057353031643763,4.567243496429055,1
5.5747919334436915,5.47014938181103,1
4.681856120371084,3.5656684631539814,1
4.261995934346062,5.921395417167405,1
6.498922321661137,5.2361152861991735,1
3.737904705134363,5.342206053300947,1
5.741452861564086,3.6507902550056235,1
3.9767975862466094,4.879167477651069,1
5.394477595168689,5.534792254017751,1
5.137144807288382,5.835610942761095,1
4.029922661720515,5.375141159418974,1
4.115457912888555,5.171357026981581,1
4.911058483287522,4.603659662284583,1
3.295511136103171,4.749693755073446,1
5.394013387308403,4.8032397154770115,1
4.796429836822739,5.192126549248862,1
5.64892686928389,5.96617759778877,1
4.985184288086995,5.760178180572002,1
5.4682571357110055,4.901669286223022,1
5.541879715321059,4.802073717439701,1
4.487348125040061,5.695363619975927,1
4.439432712236357,4.983505899153821,1
5.924348709337196,6.322359922275139,1
3.9622348992740193,5.581782034856102,1
3.88245407041787,4.778321426961242,1
5.645189603108304,3.3078138629217424,1
5.345186862194623,3.3934687258770633,1
5.65839803066248,4.742148770078785,1
5.007189104109512,3.686230553785453,1
4.066396382312287,6.4055562695458566,1
5.070117637812884,4.341309209131918,1
3.643848422549252,5.435604051718185,1
4.278219138134618,3.4111183294668406,1
5.090435942039695,5.463259717293388,1
6.2200512232011675,4.466636154444036,1
4.927395532701655,5.815332111805584,1
4.243376318338109,5.809549181863069,1
4.953174060024609,5.3758576793280115,1
6.223176390997433,5.523001996671599,1
5.176871371410184,5.084878972441566,1
6.3883675402697015,5.013427077222433,1
5.058750884871805,6.047141264828342,1
5.818958572420467,4.869983761370486,1
6.187381325201935,5.156557040471063,1
4.015294866933472,4.436775819045902,1
5.1327283543501965,5.577726167078454,1
3.5733435662593322,4.5000058923797415,1
3.982516596289413,6.624902107877171,1
4.061637867825095,5.590567429405963,1
5.453741918599446,4.549429644995929,1
6.055637019409906,5.986336382671496,1
5.257421659187908,5.289585283266918,1
3.693807559780593,4.275625203765627,1
6.054118863156549,5.688010135089901,1
4.6364678765388225,5.762257794338096,1
5.250212011346891,4.933971581818461,1
5.225658367586031,4.483235943721524,1
3.1627759251437277,6.247917470706145,1
4.3421229424898184,4.9019884860455445,1
5.849857738128022,4.500604081005171,1
4.661884063263907,5.233822692908387,1
5.828973342896916,6.230939625877484,1
5.320920881629414,4.650951697257634,1
5.003061592541224,3.9848950366620586,1
2.7157524445719603,6.418854207876838,1
5.109588232380339,5.522207266921388,1
3.5058162013317524,6.228532713091774,1
4.211026597258009,5.862970873877312,1
6.30898117233907,5.203126179493838,1
5.561286319405058,5.613581226834606,1
6.48950475708735,5.083405385839133,1
5.911070585093061,4.956659243506381,1
5.63974372362933,5.108357306701711,1
4.557232834030602,5.18666468791581,1
5.1491828480259185,5.756977968950623,1
5.446469761481524,4.275270392842299,1
4.694064694410263,5.307891704805656,1
4.79331586973107,5.38267048758999,1
5.3709655129187475,4.801402675905027,1
4.537470040417102,5.029619059216343,1
4.873666134223133,3.2383578441148906,1
4.377865944631262,5.839149460168842,1
3.8319542252450236,4.018935555438175,1
4.697540514561516,4.84319597209809,1
5.109022160299435,4.957310761208147,1
5.509068970361607,4.278016815678001,1
5.0009728702254685,4.691405412813386,1
4.857721283276639,5.650702084764497,1
4.91546131155379,5.921752499953386,1
5.018917490406617,4.46839604281702,1
3.8700208820299373,6.079751211629636,1
5.242858338375464,4.8676594871099415,1
4.649836947356138,5.086252392265665,1
5.649660559679874,5.349537630340072,1
6.423252766884206,4.358569788699694,1
3.984897635124414,3.8449842471217632,1
3.822464826120326,4.93267302532776,1
4.624647561242725,4.179988207491735,1
4.169045106416541,5.419794594900676,1
5.096834196307017,4.468790964183069,1
4.253302291404763,4.881535968182529,1
3.4091648996374886,6.075378680658472,1
4.9097741470888225,5.484998662007096,1
3.759076707748789,5.364071150989125,1
4.128204924692799,3.866096027838144,1
4.32483544001015,4.57801608341581,1
3.8701416022908974,5.0383036629545686,1
5.791277564662453,4.311199755472045,1
5.997275250406061,4.847148675807823,1
4.890341275232309,5.636203487000993,1
6.045078245487397,4.287000165741684,1
4.044849281798509,4.024227013351574,1
5.578491558913983,4.294056023531922,1
4.667037540616679,5.187838933067179,1
4.862127093539386,5.290694280524187,1
4.830453360213203,4.963371225484066,1
4.993607744307713,5.923176059611704,1
5.588911288229423,6.214675345258764,1
6.350395818526382,6.142214316623838,1
5.0313956950631225,5.753047609847539,1
3.6771375684292993,5.212299704575042,1
4.869811669823377,6.129993372536716,1
4.435475597336606,3.7818604600368806,1
6.463871534667705,4.911430172295468,1
5.4769750503844605,5.405879678949839,1
4.357501343661895,4.922209560526379,1
4.634460682220668,5.382548920446544,1
5.35016211837049,3.761684636621265,1
5.310820730728218,4.736219936103526,1
3.7588256992977023,5.36965881106899,1
4.77449462174732,4.835717758765926,1
5.3305406965771915,5.112841585132066,1
5.7802545505588085,5.28986355012416,1
4.611682812645599,5.283555508471375,1
5.755958677681051,4.656360184760849,1
3.690237620977661,5.088299536967422,1
5.7295759982461,3.843190324110302,1
4.905950556670983,4.856736887385114,1
5.2006890822685135,4.274515050322022,1
5.751818330258203,3.911155317587199,1
6.009966529716728,4.325003177012047,1
5.343139217062878,4.131276011018383,1
4.130288444978905,5.4057814340907875,1
5.094768925033434,4.801725373056678,1
5.445734081854107,4.919816725506404,1
5.906303658982101,4.767055972586551,1
4.384569503717158,3.8399248804243293,1
4.855301471337116,4.364708591215981,1
6.029232289130457,3.548260952544214,1
5.382985871562552,5.111721215314293,1
6.068896838741025,4.849368022889491,1
5.232087419615724,5.02578556068698,1
4.791118614212756,5.227921990115526,1
5.328941700631075,5.248455148298229,1
5.3169834321785086,4.327270486362621,1
5.227340366006968,4.215601505860395,1
4.9463671544936965,5.483853186983995,1
4.438322969048573,5.990951344329533,1
4.2944161967907295,5.653627564633496,1
4.636496287765985,3.7934989362277394,1
5.384577236591327,4.455785561315183,1
5.3406729071089885,6.123518216971545,1
5.575723532494493,4.732595250429085,1
5.151753402295984,5.637456213160869,1
5.288126006126386,4.743803739763258,1
5.504197616532325,4.660741267546285,1
5.978147023741327,6.25892559261332,1
6.188815206148998,4.510535617750877,1
4.458551067061869,4.265568717841584,1
4.506416699899268,4.6893661327684235,1
4.2859108714780465,5.031672974115041,1
5.163726449105504,6.04604667428454,1
4.081198157313277,4.860894708054744,1
5.316120366284349,3.416215081792277,1
3.478956090434969,5.028752200709983,1
4.86225926040339,6.486911397716952,1
4.979719957578607,5.856080877652102,1
5.0823927801248185,5.800712213713475,1
4.531451968977151,4.9527557471101575,1
4.16775505312575,4.527793581967636,1
4.536178781922743,5.795366998233451,1
5.254848414693313,5.1280160096567755,1
6.188952843816459,5.022867299885222,1
5.188546492814907,5.071431319948047,1
4.208057997585211,3.814862154571808,1
4.750292444329472,5.869016658848692,1
4.1519125375843196,4.879647837059371,1
5.834018789668613,5.660935376627447,1
5.5916557111174825,6.228029409329444,1
5.312792399271872,4.867565871641686,1
6.167779301928134,4.988688242259037,1
4.015010574876396,3.6310582422391224,1
5.769667780940974,4.141029935413279,1
4.395627716292886,5.553768490748929,1
6.287231580157551,4.6711326488529314,1
4.8972435762505695,5.511972420955648,1
4.511128407712776,5.558126723074981,1
5.6665171694101,6.452124451602601,1
4.73188964037488,6.175945032479243,1
3.783126058593421,5.074903661422583,1
5.482839594799717,4.809964177821976,1
3.870786337515069,5.2401091353968114,1
6.2532030547987745,5.373971557465509,1
7.223315000090519,5.1021465306624645,1
3.748221286520757,5.252106686910761,1
4.4677303539921684,5.236019174180394,1
4.827111534403176,4.648988274345523,1
5.649168537076248,4.784057049451206,1
5.753898849703235,5.018171797681509,1
5.023249794554944,5.457209092411307,1
5.638414928295432,5.057055629162748,1
4.823787824920594,4.107695603536433,1
5.370423051642174,4.850503884991095,1
4.192339086108583,5.6098123363055805,1
5.361435976847339,5.08082507156973,1
4.819372258175681,5.230649274231032,1
5.490156832600929,5.210139094614485,1
5.872720138569935,5.316118789030638,1
4.094214967713802,4.808240674162608,1
4.345654766149609,5.938764946145535,1
4.19486908650436,3.5111827771669084,1
5.392105685797319,5.9661906550066375,1
4.538060769522956,5.132318719059586,1
5.971760085340636,5.243251540381009,1
4.463375514391975,5.418049091744084,1
5.816186795126681,5.4929574704011355,1
5.386584061941577,5.175867120467331,1
5.074964862279545,4.698456138510119,1
4.547956358189227,4.759788346881367,1
4.973531385571351,4.211288607518054,1
4.9718157059489805,4.19971325094792,1
4.147207996521822,5.285617954210373,1
3.7262271503184414,5.032820323964349,1
5.416517616454541,4.162086494361487,1
5.8877136299011275,5.674631657325147,1
5.4903892366352185,5.2188937899023795,1
4.7151776531964815,4.494254754507049,1
5.289503583233782,4.567015966723291,1
5.18921415107389,5.1004023581255264,1
5.128294448824142,4.78062461415774,1
5.946252948369215,5.439487130972816,1
5.564478425390601,4.561451833495618,1
5.71372562645152,5.475896465147647,1
4.9333427324374215,4.314709233364253,1
5.461001171978922,5.018033474530541,1
5.716727557633474,4.826667062751727,1
5.475057240214933,5.941843445829708,1
5.066723290965362,5.189222088961593,1
3.8419012706532056,6.242512675790595,1
4.5037525702883805,4.367006306441003,1
4.724635520118445,4.900055469988368,1
4.62681336535827,4.734416766010642,1
4.43140743189638,5.262589814161771,1
4.773173382752864,5.140737269187093,1
4.845731942414614,4.563365204936498,1
3.9076093613716942,6.359039735826894,1
4.897614442345743,4.649475836180683,1
4.8827724412067885,4.11829387877817,1
5.064354084895804,4.943023898879113,1
5.6819064894113644,3.98947110729896,1
5.853769268761975,4.978374611022713,1
5.608355152805665,5.816521911329933,1
4.893561902646423,3.9879967997768593,1
4.612549803408731,5.2746077830984355,1
5.522162399754765,5.293966364697992,1
3.6469740216251028,4.425533218338983,1
4.562637186609706,5.312658152085867,1
4.35406400352621,5.314403909412,1
4.525769298468737,5.439494111406374,1
4.620218252451479,5.618372475476133,1
3.7753133013385707,4.460315067046072,1
5.975510729417532,5.247255319791142,1
4.876385784364133,4.741538338000249,1
5.46719154716827,5.653529441050575,1
5.401239644281332,5.217056684601842,1
5.5158371356073665,5.056101942826209,1
4.305005789538289,4.835405215588335,1
3.71401259936672,4.493555205710766,1
5.378677387503803,5.192494184928142,1
4.865318347675191,5.408531515610007,1
5.490293848636542,4.31104071877535,1
4.748595891856352,6.658859561314704,1
4.9828789143236305,4.341835748614854,1
3.963389192308954,3.927809999529684,1
4.678856755094593,4.910084644472818,1
5.1134200537477925,5.48598331956654,1
4.624855681387119,5.474826727677501,1
4.867040477899337,4.6542145224560505,1
5.2825459645730515,5.656792395654775,1
4.143593555609046,5.260153133839244,1
4.894618460903744,4.0850192461451025,1
3.45167726776164,5.148126054423308,1
4.691595228187924,3.8209827045384097,1
4.503030818805325,4.956139885256208,1
4.486286234651729,4.697672919055752,1
5.705906747731852,6.1969289880787795,1
4.768071375395543,5.05048231633507,1
4.129166449476743,4.595196262003101,1
4.8186433856615585,3.278407189407768,1
5.102429956685405,5.06452036815769,1
3.932804421745872,4.418165632227883,1
4.555692312017155,4.8555456717788505,1
3.960067595304399,5.362760784811266,1
3.904682718224136,5.1480617504551915,1
5.671051927921121,4.148650943866354,1
4.228960617808799,3.4660921103507603,1
5.192736295881434,5.027049015747204,1
5.052262317438831,5.0996012387987495,1
5.7387552188647835,4.62389056900714,1
3.2846560271443055,6.288823692212598,1
5.545008174786031,5.880470967575668,1
5.8925682035243065,4.679123429012363,1
5.28764178146466,4.631833599738852,1
5.535007556339151,4.632116806713546,1
4.343327507877786,4.979615300001015,1
4.427797804097314,4.786449780994113,1
5.604205305038612,5.065014363049093,1
5.128994157698569,3.796346326004081,1
5.877306042221246,5.981683440455151,1
5.129559555925239,5.594595340391289,1
5.008789890234208,5.425225750908623,1
4.610644436930104,6.230674152625315,1
5.538843192982039,5.879558319505591,1
3.235083292832913,5.377911345574155,1
5.647177371426758,5.055668022386844,1
4.530353604681059,4.700429367548305,1
4.943760767893389,4.696197823399012,1
4.934859906985345,3.9163205292247376,1
4.598546415532924,3.7513350951954187,1
6.233165766174217,4.004860855888313,1
4.065216205594498,5.966774501847455,1
4.66015784025754,4.294975976029785,1
4.848849977974493,4.393301404084814,1
4.836006345387383,4.9371518252798925,1
4.635426436305892,5.151991958019573,1
4.760578362406501,5.638924805270497,1
4.139892423842187,5.843233696931732,1
3.5122002226078237,6.203896255965235,1
5.10999148212855,4.021179995570565,1
5.085568484190102,5.255174118930023,1
6.043730616024916,6.2331738819518065,1
4.633333382374562,5.326627518158543,1
4.803620080040013,5.189611833390599,1
5.526605106283158,5.072102887804886,1
6.407677089840972,4.750234974411081,1
4.951299668387098,5.381290672345776,1
5.491085543503222,3.6484070243215587,1
6.118476500300531,4.289935307513764,1
7.349618456055398,6.005074433375129,1
3.881153416240042,5.337266222951365,1
4.917077335193511,5.7044339452381365,1
3.2614322257004247,5.1523561306768775,1
4.656633242233599,5.196105672517308,1
4.859865305510401,4.301205960422144,1
5.132136496656857,5.2587416691645545,1
5.537299820869354,4.938195620681682,1
4.0371972715006565,5.096833792903925,1
4.832316454464226,5.609880054667173,1
4.99497164236237,5.271445396928741,1
4.6061056935741576,3.645676003230484,1
5.1162177765133245,5.14456811203449,1
4.228734069368762,4.636782926977147,1
4.642180446006664,4.723644721602398,1
5.404794741579048,4.246522920545921,1
5.311406669073453,4.923536874588458,1
5.833545353347166,5.140927829720109,1
4.635625374012507,5.181689205366559,1
6.07314763213155,5.634753358426915,1
4.472189478513629,3.693084236270444,1
5.183518270196863,5.0478434499549545,1
