f1,f2,f3,f4,f5,label
-1.2253917994691081,-0.07957192127896062,0.7996825442668102,-0.4239710407244333,-0.34671835376335136,A
2.088254535834612,0.253390496522087,1.5510626068924738,4.357159407983852,2.2828127605052195,B
-0.09087092962596285,-0.09119625215128088,-0.21868127732701298,-1.3290254364340284,-0.8444996860950521,A
1.5565872250958555,2.2279495544871772,2.8768331806751464,3.0033443385507548,1.6275990006763381,B
0.7093088721521316,2.662588122958537,0.6031376616258983,1.3600286176239214,2.488897710932641,B
0.7393260256749032,-0.10557919482068515,-1.189465131568869,-0.3597783682714395,0.9782477986291348,A
0.8454831084818539,-0.2689851095168857,-1.1049645726996282,-1.3313166327360983,-1.212836403632713,A
0.34214741195162723,1.4841573861927597,-0.26687787798144913,1.035225489316532,2.054921075069412,B
1.361554385515069,3.198860774986372,3.257285988574026,1.662072239534759,1.4188559427461018,B
2.1211434026336673,1.8375733919961925,-1.4246560653611844,-1.8500919701536354,-1.9288976029264286,A
-0.4664165060074345,-1.0384149897687711,-0.240960517839132,-0.3154699390710476,-0.5815153746004762,A
0.5321293738814383,2.174250288154402,-0.5218766278466337,-0.6879793087399233,-0.6613708329874415,A
1.159131996124921,-0.006294340010510435,-0.5776606186750546,0.29777358751665783,1.2923121511885927,B
-0.2709281301578081,-0.7741360044045941,-1.170768507134929,-1.8452343580325314,-0.15863670030495486,A
2.1981464581717343,-0.8362527957387043,2.181858307287075,2.8679103421256773,2.74364584257044,B
0.8145099633927844,2.2111467479804223,3.078744361207015,3.3739748868640067,2.3309013953920505,B
-0.08932040270073452,-1.0302877473266157,-0.46990045719812795,0.4516468036913554,-0.11391807881452592,A
0.5904078816137838,0.6412198495808756,2.002336179850389,0.17244589083598005,2.143114132475919,B
3.8140079090969228,1.920433322801958,2.8381774691601063,1.661146002276131,2.5012095787564324,B
1.3988465308068798,1.9861630942730069,1.1372122765826196,0.31445850603522607,2.4955615481529665,B
1.4348968638553734,-0.262726509315212,1.3323968816313658,2.1987328688543384,3.881194471396877,B
-0.9870551545368866,-1.6884679888641372,-1.3066101408472912,0.0903573327482933,0.8046036677747131,A
2.903545752770274,-0.511000744449873,0.8198789118601352,0.33313711938674495,0.9273396715641484,B
1.2769808321980434,0.42080980610450835,1.3178119360688356,0.4633709426186877,0.8886915615635623,A
-0.6134624019906103,-0.883014145496555,0.6263467869231131,1.7848377430791833,2.8366488357977957,B
0.040256502000462865,-0.7396307994498478,-1.7258398330293583,-1.9359600160449804,-2.056216031588824,A
0.6203723939313579,0.761631152367046,0.16783379014957314,-0.40426936654410994,0.042268300139925434,A
0.8310318576679744,-0.14047961368816447,-0.7854354002076092,-0.7120353963950696,-0.18429164008826135,A
0.9672992358427723,1.6839149829577664,-0.08422551921426406,-0.1767310234089889,-0.6328097745072532,A
-1.127953023505669,-1.1984032230341422,-0.16290142296405236,-1.8798978844279308,-0.3227649428527483,A
0.4663287721704166,-0.41709202644343435,0.6813581076562707,2.5326927094895515,1.5042161219424492,A
-1.2198757448415216,-1.4743625248364187,-0.29161575393088,0.0645547235639851,0.2709032804905002,A
2.795577707045589,1.1903900046629476,-0.287856653430032,-0.5539874114593522,1.9112804014813047,B
1.506774233669155,0.6039535676916177,1.5486158270365162,-0.2931246406740371,-1.5320608513114409,B
1.8887468192931938,1.4450599427305628,1.79698696214693,3.0358066614705344,1.1410385523065432,B
0.8719343665194511,0.36046356710020727,-0.6887574496380421,-1.3379149796878564,-1.3178886576018314,A
2.0134137950881534,1.4209629124053456,2.868148290481928,1.2783686379410601,1.3384072720931255,B
-0.6162930881921079,-0.5066456357490744,-0.6457735152223868,-1.2381483250090526,-0.5982489026152873,A
0.2900403964835352,1.6275001923158388,2.2844401318012486,0.5618157732209584,-0.6490925560298411,A
1.9316766357897497,1.665751492905884,1.2959880266384487,0.6453180320160898,-1.2731397320309394,B
-1.599949334084345,-0.4340157369024596,-0.27349719484721235,1.3405695762337833,0.45137375080493425,A
-0.4519509798535085,-0.7610874105550686,0.1120925359712183,0.446495520654061,-1.3046468602200159,A
-1.8028561964178826,-1.8935814779748184,-1.2969639837150568,-1.2243843660403504,1.7364889730149702,A
0.6901044247640123,0.835935858627695,-0.11293729705666446,0.6496164838459205,1.2429153827579902,A
4.288179084542428,0.26558640302236247,1.0386953510640908,-0.21462874508983476,1.8366853710003395,B
1.1091768808261293,0.8713346955241118,0.8586148912600411,1.7143226833374645,2.75566855592095,B
2.7015638786596154,-0.9427141402754584,2.1263317225187004,3.7620782871173195,1.4699941227046072,B
1.249022696873495,1.4118334685694651,2.1956501768382863,-0.23938302068426207,-0.6257132846003246,A
1.939021527756401,0.3270018448215326,-1.3858720889297258,0.7462561669309905,2.2306586684035854,B
1.6195268457106404,3.600867988713918,1.9471372999267615,0.5402777636954785,0.6610286657993545,B
2.874849443795423,2.153899779096866,2.5913241725652183,3.3212923345514715,3.1687132196783443,B
0.4987194410697233,-0.8653398555420339,-0.762662201170158,1.657200015341916,0.6034139421601062,A
-1.1824505722064373,-0.7467631616909892,0.2316592770376197,1.045814386969695,0.792965226048435,A
1.1825307417526572,0.7516337281042677,-0.18929798450404195,-0.5239440960253038,-0.6808848400765304,A
1.1866819283530754,2.5715320913148396,2.1071933827577976,1.8826104726771997,0.22035017148924596,B
1.509790646691662,1.3704995745821194,2.6462630054486525,0.9887881959563861,4.594606394185677,B
0.5090598220563434,-0.19223774928969184,1.0701850607146393,4.125790543863072,3.736191485856233,B
-0.051567839476213594,0.28674594798892006,0.7084537511564959,0.8691406257242937,-0.46552455090235645,A
0.7668672933290608,-0.12132903192707539,0.6996131695634622,3.0304586717425073,1.0352338676227004,A
1.6304184207136412,1.9930880816686842,2.1188919416764573,2.30337645860818,3.3419971407649496,B
1.521478230384177,0.37817676452860916,0.4839348501923906,-0.09757043386770792,-0.3567111550393658,B
-0.12694521507211953,4.400710942443094,1.5031754084083067,0.5508282961694588,1.2667508861943868,B
2.1850856211446548,-0.40903066373165475,-0.3169370763844377,-0.0068226874582253405,0.25239156422756137,B
2.654880226244488,-0.3382582098179705,0.9070136273844693,1.360651076397261,2.3435330075254264,B
1.83622583973002,1.347215505578794,0.4570374637935459,-1.0461074510146195,0.8032503791195748,A
-0.15513313118059344,0.6877376415807607,1.8367962347076152,0.10540296318817738,-0.23539049098687145,A
1.642660293436234,2.0732242020419833,0.6507721593683735,-0.23362509535288392,-0.1980637727266215,A
0.9560645264908615,2.5764065010313923,2.1142961230789084,2.3124663347747343,1.5829505152156207,B
0.3914960373481072,0.07701434710025921,-1.6027647921476222,-0.7794058325809423,1.0751479251963678,A
-0.06994074154259211,2.265142248908616,0.9857462052550865,1.683181884714964,1.7313785240071091,B
0.4275782006315003,1.299328744537514,1.6190753345700057,1.075808255474683,-1.1980999700015373,B
0.013236672801670204,0.4520293544094343,-0.9852500872970755,-1.4417199938747496,0.0652150430869128,A
1.662364072296571,1.826086444538487,2.3683338639621447,0.49372837319887397,1.0945796838776753,B
2.2343380655790535,1.3786593639009856,1.9453796083042914,1.5337671558114203,2.243761662021887,B
2.819636319230415,0.512353318789103,2.3979844057175947,1.9711581617542215,0.4474894983494202,B
0.31844153968755196,1.3540004794338771,1.7633662261552354,1.6522212939554788,1.6885571268491326,B
-0.13591684338333265,3.2789574897817615,1.3320209740392466,2.2729933398090196,0.7626134918765309,B
1.50033080859674,1.7810579640741908,3.9716729253842544,2.9861626102205165,-1.2482308531075632,B
2.8839254450075624,-0.04469539512710918,1.2194636364357372,-0.5500985263180609,2.3453901416637986,B
-0.7761735702913959,3.0520983143343265,2.14650212454863,-0.11181101742887467,2.3699848016922798,B
1.8626476785571262,1.6694962838255085,1.4051750723770646,2.1853011318241196,2.6282603422671533,B
2.2239546719949828,0.35840174499437993,-0.2646185891390329,0.393955247713659,1.5145051533776277,B
2.2602662829713727,1.619055452595091,3.123394219434383,0.1830695226268675,2.439308018625095,B
2.6864599981825377,1.4319300364129317,1.6607878107373537,1.2531560465260685,2.341718391689512,B
2.379792890348611,0.9966997212284895,-0.6030246256241707,-0.991773968099992,2.672041600267531,B
2.2899808822006023,3.3568360220071347,2.629316056412554,1.473846196255311,1.8522123125586805,B
1.201740279857439,3.071332240018695,2.77778768198238,0.5265089708701898,1.3689565144132099,B
0.21160973279505021,0.7011241619768115,0.8001128750594643,1.2751123727669567,0.5664081501295973,A
0.08592719014885208,1.1912086960127102,-1.5823005090439755,0.9441525316046886,0.20611911969917296,B
1.168493706322509,1.533430720921581,1.2869114910851762,1.3577097711959076,1.2541782764369007,B
1.4269847672264693,1.1928106427427283,-1.3628283640456829,-2.4496128950028546,-0.19062640425169416,A
-1.6791104276237172,-1.4082283450927577,-0.6086857462767952,-1.98854513037199,-0.11778118321180668,A
0.4633698060326869,-0.5477333095278741,-0.30266330794032326,0.742898109718828,0.538521011992318,A
-0.08973076991161853,0.8553546750886405,0.37666873263005407,0.1123936053901578,-1.221843993764884,A
0.9617693158646671,0.29545613652597336,1.2891330465701003,2.3262593724850116,2.9507619714484656,B
-2.377290491729981,-2.37269994167758,-0.3976468831305779,-0.08932882633073302,0.41756684616087214,A
2.2480033230540317,-1.1644198084240087,0.37553059538500144,2.635830567673413,1.8315989076696029,B
0.5831081356577431,0.17077064718885893,-1.796783804705259,-1.4856035326943648,-1.2048465397661166,A
-0.5495526211300829,-1.113303156266663,-1.56191127745463,-0.5673178973984458,0.33819985110561634,A
1.806550790917512,1.4284164147516305,1.0484028447357236,0.13427817410575704,-0.2884140857307822,B
0.1697065451428121,-0.12766710994871283,-0.5089808555762719,-2.004593710325171,-0.25591175546937306,A
1.0788790390297387,1.582215133133807,0.38974228177964604,-1.8880316397577444,0.09211279182259206,A
0.09015682766757308,-0.5196186041758999,-0.4041122744684044,-0.025623106909901845,1.1087875627164674,A
-0.5815939342816051,-1.3958867948341167,-0.20784116725398474,-0.13367688396423769,-1.151866736465165,A
-1.7151349379981942,2.099428341306335,0.8715026254537978,1.4758401496700002,1.9547863032869133,B
-1.5006694027818388,-1.8157815988922137,-1.0235059606538561,0.7427545539468486,-0.3291423829490094,A
-0.8529378177922723,-0.29380579239680654,-0.6169772947556869,-1.9439549857478502,0.567994594607473,A
-0.6283711081194786,-0.9398631776512992,0.3836450144929662,1.0977788236372998,0.05071896791929718,A
0.5895468860356021,-0.2188811966828583,-0.44431165275547824,0.7435662995390305,1.0646746924495825,A
-0.694465241925353,-1.5257478336392498,-1.1558171714274141,0.459625619729251,-0.3150969557151619,A
-0.5873207627637789,-0.4632653020945077,0.7582954265344092,-0.7846162813509898,-1.6286983036513754,A
-0.6612044601329043,3.1046987133442334,2.38251655959799,2.4170844008358747,1.3564037974691943,B
0.555145681944831,0.4706467472959747,-0.6766836935992439,-0.3804510555824262,-0.011127343374652878,A
-0.22683330579586314,2.7989334649510123,1.7211818570978372,1.3646737197629561,1.3933256644387175,B
0.5239509541926708,0.8563893037987441,-0.21378678437770152,0.15902959225302285,0.6829738239790863,A
-0.11549887929893475,-0.59403337234662,0.29429640270001517,0.9049534419381791,0.7311200324089823,A
-0.674212461724509,-0.9667722080272324,-1.1421248943376865,1.444116673907719,0.8313860697915457,A
0.7007231568595857,-0.2529098571882636,-1.1620341418056757,0.6671636909056187,1.126024509262174,A
1.2555019465595243,0.37068481922746566,1.0446647889421754,-0.0672951142806324,-0.12514793899264376,B
0.7248546715562,1.4331475471990938,0.17139237781407302,-0.1615862186122781,-1.926214454583154,A
-1.3763874990779479,-1.290828622011071,0.08436983802127865,0.7131920786385811,0.008771866067345601,A
2.0602981705240784,1.5129796668824034,-1.057820655569928,-0.6314835591173491,-1.0287698972788408,A
0.07011315873321637,0.39879496676120135,-0.6822690852740471,0.09708552138672004,0.9716986442389653,A
2.4500986514462535,-1.5632347464910574,1.9613406236486155,3.800095466576934,1.9352706401249888,B
-0.1564214791432986,0.8590752730243475,0.11072675971874052,-0.032660425951752246,2.3933110553117842,A
1.0245126754266898,0.34970222331225137,-1.2363253914174863,-2.4284482248085952,-0.7713192779886177,A
-0.8974929708546623,-1.3137024613840935,-0.6355467892763244,0.5896840075080327,-1.096083253798592,A
-1.4220517661401326,-1.6307425907566384,-0.3637632246109665,-0.9466130038116423,-0.3931419219828438,A
1.1874889852796078,-0.018259563700403936,-0.9033911837193247,0.06847885124655173,1.3312392765925802,B
-1.1696100024788274,-1.7168487440811646,1.0034600614786267,0.5448093237111429,-0.13481432101982024,A
0.5457937598499527,1.0950315122016823,1.1425906032970783,1.1655886036684031,-0.9024487911193109,A
-1.6002058490434774,-1.7373493542209366,-0.30193673567136703,0.38843578405567974,0.49256158308571,A
-0.5662949155810063,-0.8277979773939124,0.9400602392177991,0.9941988096368167,-0.12714527548001708,A
0.05641156716957076,0.19235185913285588,-1.5474912144639172,-1.5104359818488224,0.05366618499261005,A
3.4649929142537,-0.9579650006748288,-0.7073359196501987,-0.27682140429187463,1.6176418599927276,B
-0.2020832453894041,-0.5084030611581167,0.0018061301472214759,-0.2872815578648482,-0.7298647845294519,A
2.2889173723423104,0.33668641997061033,1.6291916863219638,1.419041178122028,2.036618439101705,B
1.9385855630311748,-1.000097501913348,1.5957425440640138,1.2286819882094813,2.7725970733998384,B
-0.3920397958707315,-0.2296772494731172,-0.7431997200617474,-1.4062441363824736,-1.185899203147933,A
0.06798662605108885,-0.1929003262333094,-1.8163745135886262,-1.121510980324213,-1.5554645297913512,A
-0.774651856262063,-0.9659193078361705,0.0012402915688394006,-0.244070222036122,0.7503583411319502,A
0.3907250260888961,0.639773978051353,0.4533015801098491,0.9372286179526512,0.3147950096938609,A
0.07898871634000969,0.7433992603260285,0.08942013219391984,0.1008787287509017,-0.8765975533098529,A
-1.2348130869114786,-0.12246759481743658,-0.05780630945864525,-1.66312194279501,-1.4085441830948768,A
-2.2428276216104335,-2.587579676940816,-1.2059720438474708,-0.9897508021355814,0.18742589203774035,A
1.178450850318331,1.0623035050042084,2.4772296413324697,1.4796164357342632,-0.24121595709356822,A
0.0679131691693355,0.38320756312078597,1.0361729533538964,-1.196345876890808,-2.1089481098293614,A
0.8800717865625225,2.4907986092455907,1.5163228810020084,1.559515742835877,2.8361800887103006,B
2.599038844719248,0.9729128366034593,1.2843264308669677,1.054652841732077,2.616916281453813,B
3.9430554456733016,-0.23587223222710096,3.6169813273200644,2.4735871364289266,3.6292769516757177,B
0.9958017927383066,-0.28097441759941133,1.3634593601850673,3.7981462135297845,3.3249758842872943,B
-0.09496531059267174,-0.2752733663775406,2.3697930625644696,1.7933465506394137,-0.605134960363574,A
-0.7219945397367117,-0.44302199213921467,-1.1673932196358807,-1.2302934501503888,-0.8100642316164279,A
2.076181660228916,1.9549105509541225,1.7156710002532682,1.5104438108302014,0.5883682666486819,B
0.29691587073611253,-0.5705488326788491,-0.26927706032658216,-0.8295856736534387,1.1538391748483234,A
-0.41105206119805504,2.320518214250077,0.5807818892179449,0.45254485301350456,1.8276935022570737,B
-0.2152444565761547,0.8971807103619032,0.4342292066934767,-1.6303202591005448,1.4107583189565878,A
1.755542505317408,2.6803002722787435,2.608978048432963,1.8255779421296912,3.2863940627246473,B
0.011131097339441176,1.8380068878945528,1.199422272917624,3.4866235425694203,1.3961118948452702,B
-0.6348131639714567,-1.2059348110525279,-0.3401893676280398,0.7015159397745536,-1.3681271229857155,A
-0.6554393650452126,0.8105166123401023,-0.508825651464512,-0.27662408346045764,1.5535752946968557,B
1.0642094888580087,1.2645346116737395,1.2622907107842611,0.561022886929114,0.7638840764878041,A
0.3398753611927038,0.4615290113407347,0.5289476941212867,0.7398943691624024,-1.9010515792404008,A
1.081450469628532,0.6694141667285288,-0.1756376496577691,-0.41327149681194036,-1.9515336144778244,A
1.2688309954097867,3.899539934064931,4.000602165454551,0.3238096215362998,0.23109740638423837,B
1.9745835522962967,1.8096974534575203,3.4766797463387062,1.1380203839168184,0.5537863239368118,B
0.3896917053200022,0.37328527449176185,-0.05980676386903491,1.2565209636893695,-0.22679523072262017,A
1.1904363148131807,2.809672894176856,4.549744513908681,1.688652882443394,0.021795413121852736,B
1.8090592627524846,0.837639847433286,0.2705387477663459,-0.30905172506355294,-0.7950371219960428,B
0.9150590406753274,0.907127096431246,1.4434806186966498,2.959444961243399,1.595222853789751,B
2.856622140689415,1.7991349747673575,2.160439964488895,1.1328990193098625,2.624568867595176,B
0.09446999181963821,0.08205724436931967,-0.03879813228862111,-0.5156886118265341,-0.5736940866025779,A
3.7093546077109005,0.6147883124942756,1.5057530503592402,2.823582522692327,2.7191020347209722,B
-2.4392496385726155,-1.6487329222606115,-0.7055309004106676,-0.3419993388260414,-0.07408455481708057,A
0.6407291102029202,1.4890240918411475,0.6061749008279208,1.9789876180497812,0.09673767848868502,A
-0.18924569656839169,1.6676608918116669,0.882265481073358,0.09170129085851049,-0.32570834140281224,A
1.7194397120405505,4.492824268419543,3.169465281429428,3.431677431010958,3.376823895377867,B
-0.5809601885314832,-1.8302099930582376,-0.2996403464788664,0.25128650992790147,-1.0105555307180276,A
2.538428462901786,0.557297163156493,2.36627782787266,0.3952589482173665,-0.029623350102745194,B
3.4884800694794356,0.9616839718010803,2.4491993923623063,2.619246195834088,0.21435286118951247,B
1.7322612285858117,0.24571443993973352,2.5085236738336576,0.9345740484229326,0.6737593601010442,B
0.3654873450385047,1.2318575947527561,1.0811588790226552,-1.2170182582225413,0.019393418086810527,A
3.2493500152088757,0.5372375803616679,2.5115072469150235,1.0688947931138466,1.0985290476614311,B
1.960484600783027,0.8315877521329234,-1.1112265102331411,0.7484188931500405,-0.674938310759102,A
1.0493396105434072,0.4338613050259046,-0.9405507935941142,-0.06325688712201198,-1.377777309397278,A
2.8833276701104746,0.5061578788826765,0.3480087281265487,1.294146361752749,1.1983578202806862,B
-1.8626764999526824,2.0873518095347467,0.5815911185184874,1.0797023968811965,1.6980417458766504,B
2.4518919669853743,2.4500531465321966,1.6111701482907639,2.2369977538098,3.3773980055198014,B
0.9277423995512052,2.285704381822802,0.34230718127041065,-0.832300867173792,-0.4179657153719112,A
0.49004773508340516,-0.8582328078355839,-0.36544684934572436,0.8073225745517986,0.7833641792411841,B
1.6168743984986076,1.372115788514938,-0.7173998400632684,-0.6341436757814773,-0.06067494830801514,A
2.555434296153712,2.2982042997066854,1.3943214838120679,1.5099034517946301,1.2776529500009257,B
0.8590460581777356,0.8118872051106628,-1.2911266105976948,-0.20088461752135486,1.4144988969461352,A
1.3743583885041888,3.3374307056133237,2.5814855530075937,2.148604304043049,2.8663558661187025,B
0.8705556094197265,1.5840091939403191,2.2891811577611567,2.0761220778600116,0.2059759775181441,A
0.18405783127156553,0.7248408085093571,0.6235668604075695,-0.3249960463008919,0.5443327195136125,A
2.879810246540293,0.8865806785143271,1.1988971077445316,2.5043085401188927,0.6199210473402242,B
0.7770729589908982,0.5644868949843579,-0.3900913487961096,-0.782440387917854,0.30479672491384013,A
1.0280535653991831,0.790461130924654,0.05482408047334639,-0.5079651024939812,-0.023130184746242698,A
-1.2623892988571654,-0.9922572937347488,0.8361334465740327,-1.306684049307722,-0.19055506245977957,A
0.4072638937354685,0.5580463526258211,-0.8844580671902373,-0.49033041251878456,1.0307643153238768,A
0.8199898724139885,2.235614360005701,1.6169890151212232,1.1799642649194835,1.0254529704133266,B
-1.4711152343848903,-0.8750629864817934,-2.1956194857344715,-0.7594797278923383,-1.295190175296171,A
0.15929778382964058,0.11058838200129328,-0.6051201699321865,0.1325795617770487,0.6012609203713081,A
3.0554785697741282,0.19648850590938283,1.7399377832050569,1.569367547689539,-0.5422887749639744,B
2.3801281501687797,0.9181041257762894,2.176046545489949,1.1011724874015962,1.1212998487901062,B
1.9927948969028673,1.2834186894884083,-0.16256596823747205,-0.005344092179230264,0.8449329240209796,B
1.662302438152877,0.896612522038565,3.158488413223619,2.2652124198965238,1.6499385889221472,B
0.35290662632529246,2.048232372493302,1.3671747002617542,-0.00035189032654425745,0.4837437081934064,B
1.8594948076233115,1.7687275132023708,0.9662738798683034,2.6361902854003376,0.4367400692772276,A
1.4392645247508649,2.987770656226552,4.131866646024894,2.954520243409797,1.1722319952152043,B
1.8725066990979837,0.09391589945964118,-0.12086100683758749,0.8500147518477366,2.0758175653632214,B
1.0999796503420836,0.8006465263549637,-1.0893296082676125,-0.9410366287106383,0.1351436449194051,A
0.2704853861101991,-0.32901030782007107,0.0808453181716094,0.11346727658014856,-0.6226646193148063,A
1.5259629299222286,-1.4302734644068513,1.6748502640828726,2.3134393006701233,0.5590961819816945,B
1.7778615652682315,2.4674162612413393,2.4829361244343353,1.9135252387819313,0.5936912168020315,B
0.3630092477145166,0.7089003853242132,2.398584313191231,2.0480048376386324,-1.3042007852392994,A
2.4188049802902047,1.4038856934651656,1.6885335044428824,0.7769631909284008,1.4207062175397707,B
0.4525384189795919,0.5545405229784378,0.38359548715790676,1.4563611372120886,-0.6619113114544809,A
0.6684176852860094,0.13292529138548584,-0.13076534255166516,-0.4966207191076188,-0.6596595816907351,A
1.988651036663266,2.1655397957790505,1.1385939672592729,2.2794748510136698,-0.023738427542996376,B
-1.18707042637437,-1.1676127296407794,-0.4874056128885815,-1.4057505293702515,-1.315246563647487,A
2.674293534605544,2.2864827486301507,2.1459317457707683,1.2336730546179588,1.0497289378294379,B
-0.9698003951150737,-0.8816598863856572,-0.8015085991084596,0.8897182616697329,1.0850434846196455,A
1.1064373843768855,1.4657327719239899,3.6479214999034513,0.6436506259118207,0.7403301481076041,B
0.3920109373657567,0.49591120527514304,0.06593706809847988,-0.49606555991299917,2.024487453456061,A
2.9840832595028557,-0.7804333614588912,0.30595718980021847,0.5734144785501673,1.0894120805094296,B
2.5629268025580796,-0.7144904688780342,0.3098488913196942,3.4657145023266267,1.308762619615899,B
0.1706250785397928,-0.199769618450011,-0.15971813571433785,-0.19527847137885548,-0.8233663294004904,A
2.272991825979389,2.202355160263986,1.824794234304052,0.9503586968600148,-0.027635685952035936,A
3.0979634578984365,-0.30274936414104503,0.44284237394389736,-0.4749230814296974,3.533748671952245,B
0.8082599923925204,2.1436244141913527,2.658145814561129,1.1169343076746858,1.2692200136278289,B
0.10948535944708751,0.762614640582485,0.4110555412713605,-1.908947762387906,-0.7226516606275295,A
-1.7191611338760466,-1.6174841782124378,-1.1183142253248026,0.6216291667689657,-1.0038934925988234,A
0.826407309893258,0.8286707802747437,1.4511037034286722,0.7869756039013008,0.49519626871225686,A
1.7010386374060698,1.672951659012708,2.1944700693174797,1.1246970443314939,-0.2616626865599523,B
1.8165269961401054,0.9244785284504542,0.0596561573662685,0.08740063148843472,-0.10593883579836133,A
0.7893665556697054,0.9965642863935718,0.10383934724521621,-1.6691594733287316,-0.8813463435119129,A
-3.063779866312396,-3.2178769106769987,0.9696437810391103,0.559798722441675,-2.0571885680042516,A
-0.506602695971203,0.3584475044758355,0.9121179770958131,-0.03452997884589715,-0.32134238329632464,A
-0.4610262805808381,-0.6287606184384832,0.09819857950730232,0.6686311480962476,-0.742725794219575,A
0.7698568930553547,-0.5200171822985791,-0.41620755451845337,1.442573000894021,0.8490979778623224,A
-0.8571764037774298,-0.6911014437571263,-1.6848813174306996,-1.991700525326922,0.718733556304593,A
-0.9114436231372903,-0.23449866107884454,1.0631754225435956,1.0487071269250037,0.879756834411805,A
3.3610300579368726,-0.033073135643032936,2.4598565455382575,1.9488438356098126,1.4443172601841545,B
0.7846887161316864,1.1502446351253324,-0.3463863783156354,-1.956095499264748,1.069401036653683,A
1.2293757176501043,0.49990440882100506,-1.4616881500839494,0.03964061338996363,0.7022630714315448,A
1.2128836917231558,1.6358088402738036,-0.9445682988934656,-0.6068853690655754,1.058089520856091,A
0.22678604610913541,0.9728367555321459,3.104731370755484,1.0250576790094497,1.2547065935647939,A
-0.7605088480713647,-0.944859576909739,-0.30223912006378295,-1.326886976882154,-0.14932691175921897,A
2.6691754943635297,1.8308249758979804,1.8448089316550897,1.0963492392582372,-0.6549944261874172,B
1.4954818847566997,0.6559709062070942,2.156052875819461,2.8765115763571893,1.664258741365955,B
1.8956945631919297,0.9729144571060839,0.16932018820333572,1.646649440908299,1.696113788449619,B
1.3581210958672605,1.3913443398132475,0.5027187557697363,-0.07758710773371079,-0.4245475586692016,A
1.9445977922602284,2.5012304069354165,2.4658612045491943,0.1318169925947997,0.6435792449348332,A
-0.28279574914757005,-0.2899457576916018,0.13916654192824449,0.6395395665923177,-0.8244197606170723,A
-0.7929128500528448,1.3252507687739823,0.6825356975148313,1.0554798122054703,1.8603964663795747,B
1.5182313993166778,1.9274178984193366,1.2025069230410244,1.6179975764841923,1.3840200544827788,B
2.2866746309833608,1.8505368685301582,0.19383415852793928,0.4334350315153064,-0.49525584789354093,B
-0.959427753141868,-0.3180084461929818,-1.3819609791769054,-1.6947521351995458,1.2517493712995467,A
1.729600070045023,0.3066384336380652,-0.6543801536647584,-0.5751314027932692,1.138441520920586,B
1.9428683846204513,1.5711256926472335,2.448759991835246,3.7658425204068906,2.172919577566348,B
3.7183408037068655,0.08379029482369038,1.3329042945040737,2.941187538177328,2.67790235095976,B
-1.2594130667061334,-1.7954310842848689,-0.7504452845757522,-1.083786253254572,-0.9652365190875698,A
0.4999423815480748,2.9307755300341807,1.344574115850938,1.010660700994711,2.1562126842732487,B
0.5167028186484662,-0.9183223002550583,0.5974998133800805,0.9371719358142608,1.0113039476833308,A
1.2554554374912554,0.6713564495961661,3.0487137064357563,1.302180561481932,0.353628793945002,B
0.2947916182317847,1.370721578837294,1.1606601185533245,1.3097088588085959,2.2880817089074603,B
-0.6236125707465074,4.151169580724109,3.4574933505519274,2.893506252307836,0.5934074783094005,B
4.552969142634007,-0.387848136748568,1.0697377608698346,-0.7615374174766254,2.68416966395033,B
-0.31790654862846257,-0.7745283926968257,-0.23941313617464877,-0.4163134148084718,-0.2972429315704556,A
1.3082466068799101,0.7505163600116027,0.5598844595988041,0.022567268673072415,0.016130411945552404,A
0.03648075561423148,-1.1897871367064308,-0.5454517966325984,0.7556436372643462,-0.09085680723820126,A
3.314748070173837,1.172881669097161,3.505498742109037,2.522717641892063,1.6688652511820756,B
2.97432601819064,1.445807248108586,1.9019234139291592,2.6952806382533203,4.833430415395724,B
0.09418305823231217,0.8246011100321535,-0.5377383265047695,-0.3043424014656245,-0.8095975033648068,A
2.008611670845702,0.3699715070012233,1.1083677248535762,1.3564926356220481,-1.1709251168887076,B
1.480099203713916,1.8557176601701608,0.19976624445468238,-0.9526628889251448,0.5563319076684835,A
-1.856311567114457,-1.593233467401286,-0.23872758334034055,-0.17339898658911723,-0.8412188974507868,A
0.6193037476391915,2.571888070393391,1.611563314908747,1.6603473195078178,1.9717665547350722,B
-2.1864419787505676,-1.6591049047934396,0.13606437492666598,1.192495941319419,1.813762981320959,A
-0.6343309935255456,-0.7261218456589813,-0.5860112851538775,-0.6763956237526013,-0.11989684769448837,A
-0.25288144631783127,0.13505856609443087,-1.0140640279809656,-0.40167644710084904,1.941943334286969,A
1.79219486722087,0.44526692138303936,0.941022487808836,1.754404340967055,-2.482911715254108,B
1.6865291001883576,2.2765628073656603,1.9068258418709176,5.014896464486324,2.545957986354904,B
-0.560448809794373,-1.2922594240428378,0.3728305050292395,0.10017267301900816,-0.5248588956276091,A
0.8856329982399453,1.9357802779049498,3.6450874373839692,2.168678245039896,1.760204901666357,B
0.01389820933251119,0.017885185437205034,-0.0851893930175146,-0.5992423004698785,-1.5973210331791814,A
1.9818339897192379,-0.2741135420580003,1.787219731706224,2.5771699427046624,1.0089808810139513,B
1.136073507016382,1.1517601184272954,1.7665913182028077,1.3264904884189959,1.7162869734598605,B
-1.0502142841357327,2.766562988817662,1.2211153618356871,1.7154308977342403,4.064914121012446,B
1.2154094152938777,1.9107966152437004,1.7787481989419143,2.1893155748741533,0.5516604415571889,B
0.4163681481389552,-0.3211738330191222,0.2257115839281319,1.1054782319462213,0.3391788948164698,A
1.8279550750699514,0.033331085307888975,1.4723786366616785,4.623798680600561,3.826944805423605,B
0.10744870269731638,-0.5693504340943216,-0.0840038261929251,1.5347729839194615,-0.09320828407223686,A
3.1899425692469947,2.021519152731172,2.813335161291759,3.649996356487351,1.506293748651349,B
1.9920399285239727,0.053749225125596434,1.413605412764819,0.23508329908635073,1.499700993278306,B
0.051698321428614635,0.3299758560010848,0.6511767677257088,0.7817709513903272,-0.21935357604714176,A
-0.15368510436201774,0.7494820253848605,0.09556454950739814,0.7058021587542266,-0.35673267229145045,A
0.2342983603768977,0.2779916043854157,0.6145818074119588,2.1521137515804747,0.7889774070406155,A
0.9993363324744892,0.8579171137542605,0.8717166715256706,0.05397226334377733,-0.1544391996694371,A
1.9507184048172932,0.2181628192944447,2.3019345443638515,0.4133949832628281,3.004034446722126,B
0.4528617744645984,2.1528674013920686,0.8995753805751825,1.2808877154994398,1.2095197949752532,B
-0.5215386447863833,-0.9836030306623079,0.8052524723549903,1.2362573768295877,0.7382304615998356,A
2.7185667653821257,0.1974206980839157,0.5793021970864866,1.5279689241547296,3.724310678458854,B
-0.9415376022298011,-0.6324231698548878,0.3862086207368569,-1.2848518298335718,0.025711697367196747,A
0.053457912617474034,-0.02873497230277301,1.0434294346820894,0.48190515283297986,-0.7167101543825802,A
1.207673334293355,0.6804029242983716,1.436930544527824,0.8673277739932126,1.0780202123597034,B
-0.41884874392503835,1.002760109705698,-0.6745933102994094,0.2132671040864515,1.6284504294798412,A
0.03103876508430492,-1.2197201929071997,-1.3021407614019362,0.42306005694623683,0.6486190318620629,B
1.2352473883102724,0.9962112655744216,1.1504502637629017,0.8302957746293954,0.511253595940107,A
1.97071104557072,1.7131021069621286,1.331129124595453,0.5017837689934822,3.8356010205184976,B
0.6317060749473038,0.515291561401075,-0.8883298440555154,0.4848632503886856,0.7389052110653315,B
-0.06350867443826871,0.3880885052139457,-0.5213434851167427,-1.3626012154631304,-0.03782455067416148,A
3.531725798197988,-2.4944873701464476,-0.6381612347579444,3.9766523474427724,2.948767494226318,B
1.288704582463824,-0.5134300894710613,0.20997584675015157,1.330955714689855,1.7035172052680876,B
-0.001392651443348899,0.5905676690217814,-0.15447350617791794,0.3763102993671909,0.84951270751914,A
2.8559876566602522,1.1846678917775633,2.1127926383573694,0.822158505739607,1.1532752411338496,B
1.7449554754914023,-1.4850482724454452,-0.05746549872898332,2.0394281540012664,1.3948976785952765,B
2.140785839758541,2.1795093070362355,2.556211874291214,2.351210400287946,0.4688322288200508,B
1.8477124188969556,1.9716773273117854,1.8850679236947327,0.791246395095989,1.004661999313054,B
-2.037728507734718,-1.6105656710358118,-1.2261755031315995,-0.9280376604476476,0.5510002820411368,A
-0.6014608115590059,0.5428919350041791,0.7656499299737088,0.7940212733784949,0.3115338844368727,A
2.932640635991909,1.833073274842951,2.614127339518154,2.760581979582085,2.6484903503440327,B
1.8623175613948801,1.8514455168998036,0.23839881606741442,0.38555694121185874,-1.2325805011883662,A
0.7903934769661722,1.2200659862665215,1.6329821324750255,2.1943455035696156,-0.4188243634287487,A
2.4377816683838462,2.288898981879032,2.7972772505964754,2.531897186091294,2.2996767677724343,B
-0.5120614193191271,0.43087998073247813,-0.5062507568439062,-1.237613646259448,0.015584498955967956,A
1.2381603014898497,0.591491208974906,0.7469985728799922,-0.1529911332776914,1.5874447456980734,A
-0.4027829411062397,-0.8888800799268466,-0.6040722038214411,1.9410162516958882,1.93655229737812,A
1.6541170632678637,0.9845435206102028,0.08603073528591776,0.5418052762827748,1.8150310151355327,B
3.9890943479532273,-0.7703978595607799,1.5943040843297458,0.7267015317362917,0.6292175802888931,B
0.7244251634782438,2.4701991778319683,1.806225642751682,1.0786755334106934,0.1239724632376511,B
-1.1977365154825312,1.1192293618535327,0.3019708562752865,0.9085339870931614,-0.2100432478396559,B
0.19510397314288802,0.5337255821756306,0.3722701930368375,0.7601153181731028,0.2865224418989689,A
-0.5352555666305784,-1.3056788842169542,0.1315901854951153,1.0549625205376445,0.9979798193158389,A
0.6823925098127926,0.5039062925625539,-0.3009795940692127,0.7098123795218855,-0.2691424811612249,A
-1.1424570839604478,2.768150923047111,2.7046507340664876,2.27770918051599,1.110152876344754,B
-0.0808352013538578,1.9522008935692232,2.6727684815918566,2.4743331686263916,-0.04280312265400421,B
-0.9911063155873504,-0.21208576973756185,0.17538755033836426,0.23887497014584122,0.527806594599686,A
0.8916389677598979,1.5685264045579563,-0.10266803594592444,1.2595010655531347,-0.5255659215306654,B
1.7436218672915653,1.8560597531310736,-0.05917825487899403,0.7963069460332353,-0.4091697334054539,A
1.644646613060238,-1.8962238779295895,0.3209856287309172,2.3034047849540134,2.207226997886195,B
1.974742675681895,1.7106302013870043,2.0867583808647896,3.522610469189072,3.2756776681287,B
2.5639391462541568,0.6139076930588544,1.8496922007436574,2.977736010483257,4.078684380752199,B
-0.996777762689566,3.8802852924965627,1.5867442166582557,0.9222303887132718,0.698980066329544,B
1.953900380578681,0.7231580019517017,1.0254496219136788,0.5244605401937842,1.1015176520796848,B
-0.37071038447310495,-0.8394528095071371,-0.5256618370033427,1.4574027258075748,-0.7904671620159249,A
0.8985552801426162,1.1992756971158862,0.6395003975823131,-0.9864764113083954,-0.6237360118808404,A
0.600959284699897,0.680286815618502,-0.5666898706262774,0.13241030866262085,-0.56148015032073,A
1.259705852880406,0.9363475783442495,-0.7407084888842131,-0.8951240316395301,0.0780723149716832,A
2.923720603166731,1.5988751919493944,0.9295109614256251,2.53965244499952,3.3510284335898,B
-0.34627986814829326,2.7031773602150113,0.17495916614155416,2.0438713494682776,0.6564636837213749,B
1.580553521868922,1.6469201852388802,2.6399546362307005,2.43189917907661,2.157644201812934,B
-2.739533122289479,-3.251803636709616,0.39311224772385017,0.4309008667550693,-0.8245918182902942,A
-1.761289404642545,-0.8911790128868231,0.30416567679651774,0.6233340699414787,0.5182092686989089,A
0.3812713900809755,-0.184478876725879,-1.1524651682966387,0.5443662260699191,1.6340341152371847,A
2.6283944347088926,0.22367109575478272,0.566672667416894,2.7353778218584086,2.815430362321205,B
3.4206528033246535,1.0204296228283993,0.4421009067140458,-0.9041542807904488,0.9469363714199355,B
-1.160911956386739,-0.9093075046731729,0.03204546676483139,-0.3156383505987033,0.31128223961947943,A
-0.4488776202803848,0.5468203136478811,-0.4858698987583898,0.15047290493311433,-0.26406954604523847,A
1.2328637433090093,0.8533332926483459,0.9629592665533195,-0.042394060429305484,-1.607010584143238,A
0.6332005595470048,0.1689142162411188,0.6164055672349669,2.910709168177221,2.044810769990954,B
-0.38863318106681816,0.5755296541313467,0.9714180937399901,-0.8297852398659182,0.3401353557967845,A
0.4850817670641296,-0.2584713836690914,-1.5369387180578402,0.635986670352437,-0.5207255637202237,A
3.0049848724662036,1.2334638182034108,-3.0544134832956216,-0.0974532690445169,3.973950611205293,B
3.290382095332984,-0.13744020450919026,1.3541909828324632,2.160659053745759,2.143045842322783,B
-0.4041231885053924,1.7496283424063948,-0.30102195571498513,2.8472196904421527,3.0276737602873913,B
0.023355316114555456,-0.3411654165796744,1.280931621534687,1.181729882938059,-0.12531812125866873,A
-1.169676001024419,-0.4828236653351095,-0.11264994664722815,-2.2760334504850075,-2.66530142926654,A
4.029127868918346,0.40648623690237073,-0.5172149238653758,1.0381214800775165,0.5860702723364185,B
-0.85920601857557,-1.0099623610022694,0.21881596374974294,-0.5106649476587456,0.19779256360191216,A
0.8091947318531727,0.7046192085751799,-2.1376422438076115,-2.1443649371713356,0.43426075626061816,A
2.568588065796548,2.201893341079302,1.4504524031004937,1.8205827618060706,0.8711095449612107,B
1.1600928466435507,1.5557056279435801,0.06495405912946796,-0.3943005943085065,0.688624456224607,A
0.7550514461334195,2.5248754231462938,1.3712603330880397,0.2871228439936553,0.9053385929845754,B
-1.4718123513241856,-0.8383578537734869,-2.346607350529525,-1.2336705220501485,-0.4155459966058484,A
0.9677253867794737,1.12020532634962,0.08223725189247226,-0.269850386469525,-0.4542380574108258,A
0.6319814837613953,-0.336976271845333,-0.14550080423671502,-0.07564728950521984,-0.5408902811654426,A
-0.4874759652057472,2.0390434621183218,1.7095931787127026,1.0364528402836892,4.321057879962639,B
-0.377806532758272,0.24754163843812232,-1.3049531502948575,-0.21170382557481152,-0.16388172282540353,A
-1.9608455984695325,-1.1450946307563366,-1.4725629670026241,-0.6374790779593602,-0.7886124987913145,A
1.0261504338307823,2.5510641937733727,1.5163035441020893,0.9552028661263752,0.25253835796008883,B
3.881837576638467,0.7270206327921941,2.4941493697746555,0.9902249671843445,2.1741998081338405,B
0.896171071748726,-0.6287379663156845,-0.8211568056785801,0.0997691679525543,1.3865414594801608,B
1.4669859775719094,1.7486680433834805,2.157151993795231,1.0754168571396845,3.0795077116424574,B
0.8153160721716332,0.23119268997723716,0.5326971013594635,-0.2270196434020082,0.8782477388857609,A
0.6034770383557679,1.850344817981864,1.558142143010187,3.3181385021749326,1.5659562635148883,B
1.117762857387988,2.4707357153025953,0.2931650361251692,0.7997173225538798,1.7834884163557794,B
0.48509386849711267,0.5311081197001453,0.05395388468104665,-0.4100476371772427,0.6713776261039519,A
-1.016016529408222,-1.1261563112520816,0.4294741951783881,1.3078710738634165,0.18155286009789848,A
3.1987122326132686,0.9547374050928332,2.5420478159786235,2.148245829772623,1.871714937374282,B
0.4768722755717425,1.9137859355373885,0.47598134605160847,1.279455051902823,1.2641484900905313,B
-0.9152257211533239,-0.14377660032620382,1.1657318372600707,-0.31306325172358374,0.2424252042577,A
2.60362629875041,1.8572385246645786,-0.3012507109280828,0.3993121327864909,0.9784256119637711,A
1.2472114211424503,2.685358685857194,-0.42494411820751626,-1.5451425752307169,-0.7740421812604494,A
-0.056955888863581716,1.0537858407737444,1.2432736618098945,3.7436623748844498,2.471938703298475,B
2.2106408773932396,1.6952623691317565,-1.8517204291600815,-1.6463026234476392,1.066268668253819,A
0.625538166463088,1.060220807860245,2.3731297697759177,3.1129232629065795,2.458917346031047,B
-0.8175583983299655,-0.40107662071807476,-0.014123509058424613,-0.6087517207404454,-0.800913512874466,A
2.5571394404657557,0.831491242510202,0.8134688770816244,2.394408021144965,2.7330361713536058,B
-0.45138445096439517,-0.3178969756212849,-1.2168739471196204,0.7351287648537335,1.4929898221692317,A
0.029109946576669203,0.041838324080954704,-0.09453829642043048,0.9579265910017122,-2.307565371142989,A
-2.4807085099845416,-2.582417983589067,0.526963660803945,-1.6706768251533342,-0.9979627931449937,A
0.02512871121603335,-0.11185850818697464,0.2377524606569303,0.17372134545600812,-1.4150036679236058,A
0.4802411525117667,0.6288299437802366,-0.09896329997713804,0.4892401485290743,0.14295322083349962,A
2.021893118444235,1.2310780087130044,0.9956594112801473,-0.4751019118355888,0.46844648632004926,B
0.01733462915130733,-0.0592154311109543,-0.4762046392240771,1.4385865721189106,1.011294629544802,A
1.4314811190247712,-0.9152165629751652,0.7044048066039217,0.5913997001235466,1.827385806881922,B
0.20031030855063103,1.1515382358726831,1.6400965248098585,2.8164682362795554,0.5642562783144206,B
3.572654308233547,-0.24078913303936766,0.685947441676802,0.993570812959197,1.958710786959695,B
2.9162230729553773,1.6681188534571796,0.4377734460541465,-0.025191421945485404,0.11192819411968924,B
1.5369656539176446,2.0991794038758975,0.3383132291872531,0.11116933005264719,-0.5170391059940841,A
-1.5221992751914284,-0.6012107778208499,-0.7173438432504116,-0.46425276778504804,-0.21130332281128789,A
0.34044044350154545,-0.2532833236651106,-0.8603242581013085,-1.1070278612523505,-1.3724838547564198,A
2.5880113225033643,1.8480752636952655,0.4052371795878591,-0.8394915868388853,0.20753433196378301,B
-0.36878551407888405,2.7868278809414,0.30591911835999386,1.9709004831295756,2.103502303086553,B
0.3420034574210212,-0.11487289115089451,1.3177159129761586,0.15139042435738562,-0.5361388375847576,A
-1.2645419919479142,0.05467611059630298,1.1345423445056926,0.3475431061204342,1.5422068433372684,A
1.438043339537379,2.9456540092306644,-0.12910137278152267,0.3883030262752083,1.437032522175936,B
2.563159992494826,-1.093227666377326,0.6952519320468068,0.9959838094803393,1.223380245253829,B
-0.7978827636184951,-0.38162837194651655,0.48312062620354146,-0.20582562104894847,-1.1280145315926144,A
-1.036581974869657,-0.8799775088026096,0.4898346459126773,-1.6384115673007016,0.4380600779980371,A
-0.23665882465190033,-1.2577699242596023,-1.419570121360201,0.029518282244973843,0.5152034624176585,A
-0.44606937845883377,0.231259020236026,0.5748710052249102,-0.43486591693130056,-1.0069429370035778,A
-0.02802574840693528,2.9817880493562647,3.49969295138561,2.935198726978215,1.5860866145246677,B
-0.9346407272675488,0.9952242936382091,-0.46638054293454023,-0.707469335802867,1.1193262912681319,B
1.4794621438521929,1.0695267113413074,-1.8223238096998946,-1.2693851076008769,0.7436331604027084,A
0.4466615152789034,1.0422176730850532,1.5756621985355832,0.29123050305419845,1.030132853035848,A
0.4637407480433462,2.239575323332455,0.4082892861055154,0.7459146191919984,2.360152321609652,B
0.11061312257867771,0.08929440611563434,1.3739793515045968,-1.2657047831252042,-1.9596788775031986,A
1.7766206761820413,1.722827142156418,3.7982614505063284,1.7641829183336257,1.2302487198117393,B
1.5309405228245856,2.073390886781013,1.7351535485039886,2.5662369928788715,1.2134066866539155,B
0.5327502912168511,1.1939497440978708,0.8661893343934716,0.24070250024214923,-0.2539089205165239,B
-1.7139348024210532,2.8690191004667778,0.8250671297500046,2.3186011410061846,-0.5280975466275835,B
-0.1816367534675325,1.766419302401551,-1.3638418404340231,0.6172772541947664,0.9680925579371125,B
0.23511994315166507,0.9173854044199481,1.9639119614824325,1.5293605842980875,0.4643693584080864,A
1.0845151609299661,-0.19152006043773628,0.3619501529754231,0.5333776530872174,-0.19597105579345891,A
1.7233802553302062,2.7832812070229958,0.9031923604684831,-0.09132975823949763,-0.13865798933296558,B
2.1319174982724336,1.73007350060005,2.5970868327357186,0.7629958129727002,0.695384751105486,B
0.9014885299241452,3.3029585014934444,2.4250499915929584,3.035144750442658,0.9339059457893373,B
-1.1249293551021546,-0.14047852898179058,1.3373433196579296,1.0282146017904437,2.043419553756739,A
0.11879653990290184,-0.14469213303073555,-0.38563469354198415,-0.16343930221178318,-0.6416758878127127,A
2.0129204922385564,1.6909230638927437,3.943457659856809,1.803040031279596,2.3987346738326445,B
-0.8942073519794773,-0.8732099362573936,-0.8202689705523549,0.7916897286242469,0.16825876827221734,A
1.0473152860737585,-0.0007594690120352213,-1.0207273239142267,1.2595505666376747,1.552170731760884,A
1.9646000461503366,0.2596773729241699,0.2702244848402877,2.1140735258711914,3.8668767665396677,B
-0.4367022697318139,3.1665769802687747,3.7462087886921394,3.3302008567505803,3.4418314439697464,B
-0.5125582987602519,3.1024890257899242,2.5889905334303336,1.725889521206424,-0.016228239410448264,B
2.125486941578167,-0.3017032800512651,0.2446859366047347,2.352411018351555,2.218716070678939,B
1.1883011400764913,-0.9050018141912339,0.1527041576737933,0.7889668477665333,2.2877410832858303,B
1.7097263217024163,-0.13887092052490435,0.5109238811058078,1.2336509466311998,0.867887305034403,B
3.6666757303013293,1.0694748101021894,1.006798386439725,0.21097687649091945,2.9435578430935228,B
1.5317788906010528,1.8299295750727775,0.28520308177775794,0.49234280119671137,2.0566795081856144,A
0.9558342771125302,2.7688736178968,2.504947338501759,2.385073607008887,0.33003832000473565,B
-0.6415427207828466,-0.37446496298025855,-0.25622719177344294,0.40364153575668815,0.6212863936297073,A
1.5699984849989468,0.6571846320228308,-0.5347740696061083,0.21368584369404098,2.5735085976635625,A
1.0728424474172118,1.944209095685445,3.338022507400651,2.1598767114757162,2.861529035153036,B
1.8648921305094686,0.5170758672905988,3.216022410287869,3.429995730443319,0.9312592272548661,B
0.8572103535566122,0.018541730229769297,0.4506638361519539,1.4494797392832561,0.48679676525051385,A
-0.10753374426606396,0.24657100736658316,0.40586418126143897,1.131177834516312,0.35763928222781577,A
-0.11432216800474763,-0.02719471639811513,0.8121696343112103,1.6174695117084097,0.3253383094516115,A
1.0971570757104099,1.2315986712649674,2.355434911126988,1.4283552550377483,1.3084461808489438,B
-0.322489865470204,3.526432934845451,0.28013932651814044,1.6813272239927517,0.8797064027005108,B
2.0222892859070316,0.6486962325579666,2.56242580533782,1.1182219753676794,0.562968688010879,B
2.3869517995739225,1.2494801074245547,-0.2596464368604794,1.4574111344053293,1.5847352772918766,A
0.0005406775235066164,1.699694485724963,1.7505614642244285,2.469134551926919,0.796643724127769,B
0.7540040484538946,3.3460657345444282,2.257237350201815,0.4948985905216261,1.5900179148198483,B
2.4564419451969686,-0.32304219596709305,-0.5394729080723182,2.5934114519577878,2.3754302179456444,B
0.14116901883264016,-0.9409508173816761,-0.8517037487209291,0.9530141675295097,-1.5490980380512835,A
-1.10066126423436,-1.0235908219756695,-0.3036580827073312,1.2780784584497307,0.03414807829926996,A
-0.5667130253101499,-0.8319473785273982,0.6898365017399688,0.8900275810873761,-1.8960978978476555,A
0.04558291641849532,2.3740681367736016,-0.13273170631211384,-0.5428474033757307,-0.06949002158153372,B
-0.53953518192114,-0.5377436616805896,-0.03481527580796773,0.5578965868716178,1.1936452572637277,A
1.2697541637349956,1.3529316895956758,1.374186433027544,2.382559629530737,3.682551812310645,B
1.1896220052876432,0.8598820785063868,0.5717693677450131,-0.2940759167485871,-0.28308219625580694,A
1.4355636088572352,2.194122943055633,1.160703089155155,0.16604987367672774,4.852948105521621,B
-1.3204889841570373,-0.5435797492442931,-0.5588299114699312,0.09986139768583288,0.1401132384052361,A
0.5988915233247666,2.680224108560042,4.900589817014377,2.6040892590275657,1.4827971228723966,B
1.0866775060549962,2.589710801362185,2.0325236733520695,0.14988267861728488,-0.5477246341938855,B
1.892275597337224,1.1130544556968884,0.6607426959534941,1.4365184388433956,1.18079513481549,B
0.2159436217806654,2.9677357451305255,0.595404589963693,0.7387060869812474,1.088014114386183,B
1.7303427089496717,1.609654397811928,1.7584240027634643,-0.6605632913853081,0.8548367795185323,B
-1.567177090585447,-1.020657151957433,-1.6420406378760004,-0.31880106020976184,0.30365603531383223,A
-0.06025184640128695,-0.691379008495161,0.021801740025010712,1.4617588150975915,0.2684058006091301,A
-1.3647416522015654,-1.2452925645657462,-0.9167790843638463,0.3764645645465204,0.2533637146284445,A
-0.11626664531036575,1.0122770788926654,2.4439151688725262,-0.3599191348845787,2.026770425293664,A
2.236184145108503,0.17736072405468573,0.8937063784708161,-0.6875809089311486,0.4040695419923297,B
-1.1923953304424335,-1.3037853077355614,-1.2739427235358851,0.1788853068034315,0.9173551674272971,A
1.1876343927211208,1.071772543128317,-0.2697009235903078,0.13769149962054564,-0.39744787564578604,A
2.6336785027836243,-1.1708484081729047,2.273864163454366,2.6542332008852085,2.8136902629693195,B
-0.4932218455059107,0.766651233712737,0.6726897074003286,1.093378207562775,0.5608375369810008,A
2.61278702548979,1.294973293669279,3.799246778960729,0.804207281882258,1.0829300797910855,B
-0.6845560241798007,-0.9574999002949452,1.1030754293851222,1.0089400525406764,-0.48592976800642407,A
2.1595224845022942,1.1791919697304312,1.2281139590451553,4.0075783544175145,1.1846666002605346,B
0.6946706116284086,0.7092805993652606,0.7661421381487824,0.344911583767698,0.49639677202249866,A
-0.9021111381810512,-1.6531933945248733,-0.4182758369736419,0.11268333173838935,-0.4854378501612578,A
-0.4055063401455363,4.192530243586511,1.9025153368746974,0.7380322966527211,0.9966583950353174,B
0.3951428190317255,-1.3335469763977525,-1.0046200754234658,-0.28440735282682417,-0.869451438211177,A
1.9753687062194032,1.629858099779195,2.9681401033713097,3.3619979049741957,0.7707536675605059,B
1.479590373650935,1.118550319309654,-0.6186697796763715,-0.859135146467718,0.94608798931716,A
2.561115772674975,1.2759641124122476,2.3239787205985625,0.19335061505128404,3.2425119550678883,B
0.19318157981319836,1.4784604481347996,0.3439072786547787,0.0721414767066603,1.1382207854782527,A
-1.4686394303152919,-0.7951905501178608,-0.6394287917050554,2.1505182597979844,-0.3276074086835584,A
2.389650404137157,0.9851288622536694,1.0906915017535446,0.21506180654400975,3.6993842401457644,B
0.7381994751344265,0.6380149431101891,1.3814965698392976,3.053943410769943,0.7412467360546906,B
-0.8508196223826928,-1.3272056464683817,-0.7573636554777946,-1.1855146210823455,0.0362188219292063,A
3.1177777513397764,1.1588837704034922,2.788585345880896,0.8901229503870375,-0.06370179369888795,B
0.9194236766469855,1.6485592129597635,0.9817721093534433,0.9555499411965639,-0.08311850824673717,A
-0.8094863188927663,-0.12075390776929339,-1.0289700700439741,-0.4659366650630825,0.2516785336611044,A
0.6686576653255298,2.9837954966351132,1.573436579542702,0.6527422060274052,-0.17337313338833105,B
-1.6583355655822452,-1.331411161689738,0.08456205999568898,-0.10500548497730094,-1.8705640772646936,A
1.9440839167809014,0.3200234099313266,-1.593218128725327,-0.3263509668473352,2.2788505897278064,B
-3.047632565352754,-2.8077354676158786,0.4177605426279143,0.287330122810792,-1.4995810304886954,A
0.08959276736843465,0.6692374247881024,-0.18509422985730453,-1.8768285105562168,-2.299635946861767,A
-1.9209159258951816,-1.2505116643802705,-0.01769955630751212,0.03308992850881212,0.9426283590419808,A
-1.8435474174587096,-1.8813448613820276,-1.4258298895766073,-2.1746657928274478,-0.33687544190545926,A
-1.1885400353152487,0.5639270091950946,0.3660297758162536,1.1742282096678782,0.08205357968891258,B
1.4873982896858626,1.0269140015363147,-1.0166610364359774,-0.8251432337333447,0.04194805525949649,A
0.011319107466920553,0.6635885467857852,-1.9747730551135132,-0.9124018094064241,1.9618859710883225,B
1.9650995452635112,2.084766958441014,1.2809646013076197,0.7251601079026053,2.022851423396264,B
3.5456673791455806,2.4023096627752345,3.664383721223048,2.3986167298128964,0.39159565831934295,B
0.36547447264283456,2.1996917857347884,1.989534330617841,-0.13485134923436626,0.7730834991610863,A
2.634740754415,2.4413398223116656,0.03831048894763408,0.14091112357345278,-0.8712287334787947,A
1.3210475891662323,5.324951874819279,3.370045768317504,1.2323905612158106,3.092141604208585,B
1.2769997650919325,-1.5043203288607776,-0.38201983431058095,2.4311615958412354,-0.21471814081745255,B
1.1482564245159883,1.2439223110473443,0.5399521766829571,0.2546880372696108,-0.13535940125149595,A
3.5534008805532324,1.31878177829106,0.7612081898580181,1.4061406616806136,2.649536927340895,B
1.0585528161418154,0.06577441046534653,-0.5624185323445346,0.7505349789774457,-0.16266599767427367,A
-1.322541133291679,-1.3497493850527713,0.07816863708254358,0.1410120453152441,-0.6562557744843384,A
0.9543483290916974,1.0606424309145168,0.41173748718809955,0.4095480181436391,-0.7437901824084265,A
0.31799869441404743,-0.21615614981786985,-0.37142297454318834,-0.580872858563222,2.0887012503120013,A
-1.2103987277827886,-0.38101417748391125,0.3105870121519945,-0.6833792364122043,0.580258264887114,A
0.22555983951018072,0.7490376375171243,-0.6577028167984377,-1.5866058590296488,-1.340589056822304,A
0.9588393967420897,0.047729562166649586,-0.2629704764837022,2.451082434693919,1.9379397943296497,B
2.173920449744548,3.418855190044207,3.585845389218787,3.077046999758842,5.453670462936706,B
3.9277631363664627,0.4174271738484412,1.9168686435921498,1.1223775856518023,2.719110858844299,B
2.3790307583830463,1.2125891934040658,0.25561718493004704,0.6428839482557475,3.1032144672688666,B
-0.5865156509199643,-0.4626227851865306,1.2736160571835604,1.2433701093765062,-1.5304138549445672,A
1.8451435747144873,1.9651933649247706,1.6540127721106606,1.0750297217451417,1.210780872083327,B
0.9958587243723608,0.2361435410091129,-1.0787038970203175,-0.5521636557105241,-0.4562540189577025,A
-0.6962120515798997,-0.4225891842398512,0.014349514877123859,0.2382913404900248,-0.6116224974651957,A
2.7457827397935457,0.0883358482036698,1.7105388855318715,1.6078944132052337,0.2234277442142405,B
1.4381821382227078,0.5631390650134327,0.2519813061142846,0.24353125041517276,1.9112106722613913,B
1.9674735245626214,1.2240297837402845,2.7602746544526475,1.3990572484953498,2.5097493565496363,B
-0.7804334546444512,-0.3184543390498904,0.6193395618802134,-2.1559037628074242,0.46269682796115735,A
0.2437524804016479,0.10425339627349282,0.3690514065532119,0.285934906190371,0.12195009516468623,A
1.847143444768113,0.21784524414805095,0.7322358088040687,0.5762693097207567,2.0309099468491754,B
1.154586370135812,0.9768070375686152,0.9659669307946237,2.240587713873234,1.4346167255097122,B
0.46617766219731077,0.14721486748777,-0.5603800203605739,-0.6193426958833916,-0.3442307020111226,A
-1.3679422773818628,-1.683013442386419,-1.165496522934218,-0.6915562055650897,-1.4079446127989932,A
1.4758016624963668,0.624938261296827,-0.8068945857994247,0.09819821260405193,2.281068032950925,B
0.16189976063093603,2.5765449694128075,3.3841459007709602,2.734842578777413,2.257851591416963,B
-1.274618402015506,-0.9627986057741794,-1.2284677821623349,-2.4981156097397763,-0.8871222244738043,A
1.1136597067412988,0.37931189661214726,0.03877821903857786,0.3575620573146031,0.5326070543318769,A
0.9580835325149055,2.884913748833398,2.4347775304054893,2.3784108532769217,-0.46039953776442166,B
0.041206066781619685,-0.003944554337486683,0.6328754559829554,-0.4818511634008106,0.7441105641952135,A
1.3567631574639631,0.6384207627357859,-0.7221397537911616,0.17675934774654145,-2.113891641365307,A
-0.21714361307631405,-0.007308382628922387,-0.37764522163187625,0.19860079300494277,-0.434591450553331,A
1.7999880621253324,2.51200388812997,1.2906951184671462,0.45941410236073965,1.5456666264223151,B
-1.043944071468642,-0.8586146099048455,-0.20215527496388325,-0.8080368542885379,-0.510779778107787,A
0.9535123909027622,1.2264018945766022,2.9425725835924332,1.5816288797840086,0.7507700242766554,B
0.5151214587313256,0.8820666495402867,-0.25947554525957983,0.2616036834869826,0.0962309230057985,B
0.6805904154385624,1.7959011489999277,1.2865191293373748,4.7713433455487415,1.028907328483805,B
-0.46212707517244556,0.02891054440600216,1.0600395597948913,0.9113257423613162,-0.13829579257316088,A
1.7391707485998524,-0.46440076596473867,0.1414261700852848,2.475235115027147,0.21747837169954387,B
1.2310533878669143,1.4551009368894345,1.212142052736445,2.975638160926645,0.43343488177751244,B
-0.21722615821867644,-0.299426222798706,0.2627202893381145,1.3899296276011939,0.509215071482542,A
0.9865371558605694,0.7279669132728892,0.43187543207362267,-0.08487165864452528,2.2309651607917163,B
-1.0181176115186856,-0.49576015205939983,0.19823041542971662,0.21662419990822748,1.938843023507835,A
0.7325362112349125,1.1166052108603943,1.1971781173227432,2.66234614087986,4.505364159398097,B
0.37694778569537224,-0.3746345175642203,0.8533997404477336,1.7661656184624943,1.2282012801461326,A
-1.0415876326212719,-0.17046257685549973,-0.0805058459790178,-1.4148885820819583,0.09426904215666247,A
-0.15513028953240038,0.7344471796686909,1.7749400971681826,0.9445156572433551,-0.740467633514116,A
1.8996329575082984,1.3545364238295807,1.6194231660362377,1.7943402739217944,1.5326755131388428,B
1.9486693239031312,0.2999702724042106,1.481640809060322,0.4402991145288395,2.02352331724866,B
3.103834807276818,2.2033141866461543,2.9059276713312583,1.2739070985776013,1.0902030029535887,B
-1.8114868368477275,2.372189738312611,0.18539774022330846,0.09619920774211188,1.4203385801711659,B
1.281868692435592,0.0706748585365371,1.9399721403742622,-0.992238197567227,0.22175862962148107,B
2.409501615293384,1.1233773917496923,1.5805280353286097,2.0857214463113842,1.5135362291889414,B
0.09760399249544019,-0.4862349353043776,-0.8246576954827489,-0.22445794344121262,0.0538669881864073,A
0.6815397382975064,2.160097629155327,-0.37233126126109894,1.3802941830392916,0.5516840366699697,B
1.0214052927333555,1.607212509527916,1.2717931183971365,1.480037465500526,2.073039665525772,B
-0.6205186206486616,-1.44571510619508,-1.3309284207893755,-0.4485385010744451,1.119250153354584,A
-1.1383267269609427,-1.1756764580725507,-0.7146929817486477,-0.8217319930121811,-0.4664523274111066,A
-0.41513982430449836,2.631390013363485,1.6085220973792704,3.500314885735508,1.164691500936136,B
-0.17287108244343635,0.4404335433888508,0.30647085433077537,0.42899463277359806,-0.0642254150800638,A
-0.11420989177783689,1.2883855424001218,0.9156951434184828,1.5510473058191925,0.7714928752930915,A
2.127798089305902,1.4861648831720589,1.1198028849851642,2.0604126628009287,2.1711776399716975,B
-1.8611936845055561,-1.6573949881148722,1.144535644651119,0.47123127342876847,-0.005541316351071281,A
2.3308704422568596,1.805839263679569,0.9954734085985812,2.0060638234956105,1.539461467181541,B
1.3171024342786364,1.4063330859341696,0.7633098400403638,1.002899710814269,1.524695388357172,B
0.21029129108614655,-0.26069290426958847,0.9724818394360628,0.4440741913613408,-1.9539972114687663,A
1.5822797195031093,1.042745095962638,1.315244669535897,1.4468630646860343,1.6979391115599884,B
0.9226397227878528,1.1341342733044832,2.106917290167596,0.39367373584689963,-1.521101625846096,A
0.1572328434361934,0.0003669211325027567,0.5666873082101381,0.05484747806400778,0.14067290298816965,A
4.496115251494071,-1.6257641700927872,-0.005838132773189342,-0.2061012407777012,-0.5703614791246241,B
0.5503241016278176,2.4852878220586176,2.0028748848533633,0.4904148439242082,2.63303896837283,B
0.44588285699054175,2.8250658460455016,2.2103664417229885,2.2392656939579614,1.9592635935518603,B
3.654996494229104,-0.4843219413501716,0.5485881188070085,0.03862942217963128,1.6223778616878672,B
2.975214446382079,0.8973727370998166,0.13845891091513685,3.3417604460166377,2.1064495459416115,B
-0.11135219179918576,0.1426334292916116,-0.825301922882435,0.025233254978439756,-0.6487454091173444,B
0.7544280798412658,3.068644146113793,3.0104566820815255,1.2409438692596397,0.43180711813447625,B
2.390233811965912,2.3742223063770567,1.4264649989438678,1.0115777425816128,1.260640237802369,B
-0.59197880772998,-1.0223288131803947,-0.45258084342691995,0.4839757842816556,-1.264769409733249,A
-0.46252138394282544,-1.554226712999421,0.21082707513055646,0.34568743108601585,0.6541472495133933,A
-0.37351399718084694,-0.007629227906793222,0.6242039894323804,1.0305347119875,1.594083772881796,A
0.57740257751925,0.48985654601211653,0.7794983985622778,1.4007883405405106,0.466353576569448,A
2.1444632230131453,0.4936785294870283,1.4019709790145705,1.2401840816765035,3.7214271558294185,B
0.6443535331542378,-0.14730345754054786,-0.711624066096876,2.034234604993431,4.44159653539093,B
1.492936227392122,0.06275166184529413,1.712225875254542,1.8297194131669352,2.872860887048603,B
0.18498847662309803,0.2434028459558062,-0.3569372111693936,-0.07878677695620095,1.9122115767472696,B
3.000510208760205,0.07710104984165711,0.643976234928917,1.561722496413254,3.4273049861167015,B
1.1848512397035382,1.6566507029792517,2.460790275371088,3.2105939271629405,1.3950979644652688,B
2.471035442202128,0.5162397062824733,-0.6330169326666502,0.8292742374506022,2.4391559063954382,B
1.6380179697598947,3.1527546788348633,1.3846058080802202,1.0967547508170186,-0.05658957440978729,B
2.217071260213774,2.0355208257287543,1.736608687205237,0.6130396669581348,2.0883601975295276,B
0.4383270179301755,3.33428727723813,2.271739750967221,2.0707616945709066,3.221732086329071,B
1.3919218373298843,2.644542644507287,1.6032241285848101,1.1019326823495812,0.2748446230346253,B
-1.176200316643433,-1.4075238099637066,-0.9855448749327282,-1.2299874534911472,-1.2730454217115739,A
-0.2592092593150832,-0.16974842551003805,0.0965335318213375,0.23909183767442965,0.8015272585847208,A
-1.958591440397031,-1.5742647280752116,-0.40476269232886714,-0.20645438293709506,-0.05176593493407508,A
2.184351959077241,1.7856222570908966,1.1224035828664964,1.7604509795464516,0.6832541589461838,B
4.02774424763863,1.7962077642980532,0.32432580028324476,2.055730500360569,3.004859913262554,B
-0.5960888996561666,-0.4717677436910412,0.678792333375054,0.5814514321060807,-0.5943700429042814,A
1.7641758935975818,1.3313102704486046,2.00112232856722,1.9827815982499672,1.6329810541706504,B
-0.13092509039588562,0.8226750765250804,1.2777275568194573,0.3009182434209363,0.8645444808740382,B
1.2010290989280832,1.2968311074785643,0.5832618422544408,1.39675862066999,2.032126314003468,B
-0.0397062823469779,0.23370773710424428,-0.12332060105863761,-0.5092009154489964,-0.00767784530295423,A
2.5588880241280574,0.6336617905024226,-0.2747930708681898,1.350961271265885,3.0121861952626,B
1.7392917747638348,1.780248139412251,0.1703430101991612,-0.9241071549055349,0.020630387632817104,B
0.2667361679766415,-0.4247469032795171,-0.17864338638595303,-1.2055308660653843,0.15615678392442373,A
3.412055199793511,0.40541020549252904,3.1404233589391506,2.585009939624115,2.158496723941251,B
0.9146240539868465,-0.08930133534119297,-0.585591902952379,-0.7921287526656039,-0.08671875548778518,A
1.2884442493182524,1.0677781798848227,0.18590380863725545,-0.0545808239331191,-0.017421823514951227,A
-0.7740858849820498,-0.8835734244944358,0.984338724619761,1.2717952892386288,0.1730293267275641,A
0.34307178345035116,3.114324862265658,2.277739222180654,1.2336105563972841,1.551822502230484,B
0.7034008863403085,1.3814670999192897,0.9113717484537944,2.7845597330146754,-0.40741402016181527,B
-1.6209135183081516,-2.7033367996978455,-0.14966092194243605,-0.3190562308815589,-0.6766279957450246,A
1.104061295456939,2.132654554845435,2.154599806918685,1.10509232888984,1.9017200989520975,B
1.9640275548853903,1.548017714656205,1.375687403605313,1.6745771237919818,2.7744362363152586,B
-1.0245289129130064,-0.274785424219614,-0.8819457101088389,-0.8910535856776518,-0.6373275700005873,A
0.3645344890332625,0.6252727555205004,0.40430782630927264,0.34083496282143755,1.5005995397980085,A
0.6737280547877252,1.247292362463231,1.0357203347653918,1.8157070599236371,2.165546662707871,B
-1.3587713613670593,2.7322877999154818,4.158313926384331,3.916118144494135,0.7674222850486544,B
1.4406195915535038,1.0233848735325561,0.5086420318665761,2.8401295079554725,1.8226489845824827,B
0.2566587307122617,-0.8233645527278634,-1.2632351946347795,0.26351679614142304,-0.08816434382118499,A
-0.17621305896197587,0.0992154978162232,-2.517638081992955,-1.292538449839495,-0.03824968042715104,A
1.1493768409578178,0.8926617122535335,-1.2011886779190584,0.05322951479478251,-0.1300785294268187,A
-0.1627989966326071,1.1273600528291776,-0.5955448955522001,-1.1163526608468435,1.5640753188953505,A
0.2967429605751706,0.9418805059879757,1.4222918192834357,1.5668789230141569,1.420203249391271,B
1.4347936049179972,-0.07294428309591172,2.6356809926064004,2.556837645867202,0.4672000270900136,B
-0.4546403461884021,3.0569824036786777,2.260154802750913,2.4158232217396876,0.5989813959084845,B
1.8573961903119598,2.5454159719159977,1.5321314160013162,2.2078407389793657,0.9346746570770879,B
2.2184137092980727,1.376851749458618,-0.24072615773451145,2.6827245786655745,0.29903483267851416,B
1.034066927077939,1.41051665737814,1.996284542735093,0.02977774664138244,2.9638263722834433,B
2.309844422090078,2.0439816199048764,-0.3265094410312044,0.37472971119327053,0.11172445975505092,A
3.489947144731052,3.267730861531634,3.4024333016499764,0.27882838466323046,0.2164457509699811,B
0.4249727604110163,3.741522533337258,3.2609693323548408,1.9064340801640114,1.5067806539621666,B
-0.4065798785921424,0.9609570274767307,0.6584535964009145,3.6907264816422862,2.730804587488242,B
-1.0573867446632792,-1.9845980956704892,0.38844358393911493,-0.00011535407672695336,-0.21666697151590902,A
1.9594117997750615,-0.7209461602947571,-0.34594280266080024,2.486217811195178,4.0469432717483445,B
1.5795387134101069,1.9181777752681548,2.6310204358842797,1.0519628076961787,0.8686025070025152,B
0.9629605732494478,0.3356018276889237,-0.9590898937890788,-0.07475779996360188,1.0694977582689185,A
2.0137771328240843,1.6826439464063871,2.0562325770293484,1.1016933986990582,2.3532806895508385,B
1.3811273333638951,3.10047859615074,4.057196834493017,4.041583168410869,2.839875049605652,B
-0.664626000063131,-0.3153457934564,-1.22057747029345,0.4586361337140819,0.20211932995363488,A
0.006016680436071459,0.2738077839327528,1.242852885618611,2.0158804801872354,0.6923727226226836,A
-0.8450453279691511,-1.326255558790157,-0.16311416848281934,0.5053702432145304,1.3405909714760635,A
3.487728407613554,1.1600489162324643,5.692430255863766,1.929578991924358,0.3523574084901371,B
0.6875661733809787,2.557846539635579,1.963448041372674,1.0975819964597515,0.5914692109726991,B
-0.4657840785814613,3.9376122107540708,1.4935382343947907,1.4363528587147645,0.0015517209553352895,B
0.10870215281340967,1.1226411470524333,-1.1280404507486606,-0.80132007112211,-1.270428152543288,A
-0.7764744081483639,0.9818785013353196,0.6582925658348637,-1.368193393484675,-1.0245686394786067,A
0.045832111491263205,1.9227799685365339,1.4108690013368133,0.8242620921109797,3.0177808529397465,B
-0.44427369423586294,1.5866788245122432,-1.0264476270931904,1.2855527326589182,5.015134265723181,B
1.015101503596323,3.30182735498666,2.52091618285416,0.7756660426096931,0.45347652493541335,B
-0.7607306849092805,2.688577031270107,0.7249365291401545,0.7636747300786967,3.7390841743144887,B
0.6091600900120409,1.9594178923718848,1.0482509535241693,-0.41473342522938705,-0.030587087651902767,B
0.4102120156795513,0.04870871362879445,2.066661461203223,-0.1783228201112211,-0.21530488028488573,A
2.589304569425078,0.8841912079793618,2.049097258685557,1.1156890359414589,2.0357934160329045,B
-0.35152473514329313,-0.13185944187663978,0.8389227824506347,0.7259359406594338,1.2988760065202292,A
0.6096173708635549,4.497722376781018,2.392509382128689,1.0151571279822116,1.4200603400133427,B
-0.46725480034504074,2.0788422899938332,1.2813027865559512,2.4469647316607057,2.7987026482889386,B
-0.14428437852025486,-0.8454585538480479,0.31837730059482366,-0.3168873705712153,2.510850712142651,A
0.0926794460290038,-0.3868698389055444,-0.19292172225545956,-0.6215470584537304,-1.2568985372831616,A
0.4673776011973516,2.288748163134863,-0.35318389308632914,-1.6243947669265464,1.3247734695839788,B
0.20158195103071863,2.967857572245934,2.693312335602176,2.323146654684816,2.9367773332603546,B
3.504203386231346,1.505557489055162,1.760007117665487,1.625935107258953,1.7630383719328893,B
-1.3781151937887035,3.3263792027356445,2.6142796754344775,2.514916416855984,2.2973767048126774,B
3.569601587946629,1.9880446601262465,3.099252315105734,2.254755549350108,1.4979442331581763,B
0.8370280193695456,2.1040199160838804,0.8285442041127513,0.8580203281254872,1.9513003911099758,B
1.1320522884141782,-0.5009369055418635,0.7247380071502932,1.1752800759343407,1.1361060678511403,A
0.33354901163620493,0.37814719325981005,0.7374291817774695,0.8311651295332859,0.3655133012633032,A
0.012341195687039397,2.96777244448279,0.2950019587611985,2.6799315156290247,-0.10186907615072438,B
1.370540988614132,0.8060147119477,2.0341934775103656,1.2108233812567364,0.39588227702035284,A
-0.23583424381418136,-0.37268576774690737,-0.03920474882341316,1.4839364502780334,-0.8986079816916219,A
1.9009950596798904,1.0359587346083043,1.0347713276189232,-0.1986801790719952,0.165462983304155,B
-0.4083331628266692,-1.1655323261406456,-1.981268892143759,-0.284848413251565,-0.11347426184619133,A
0.748813885982477,0.19900059866186837,-0.3113268093534773,-0.7761752757688586,-1.4088613957870428,A
3.518516917671901,0.3617150537838716,2.1903319308433873,2.3406139818968397,0.41066157345550036,B
-0.45775287901025186,0.9316603375085564,2.6308574466483785,1.7532691702758632,1.7101848405951996,B
0.6402136593287587,0.18918120574605918,0.09598094447521584,0.015074564145205924,0.8144145662217018,A
0.33695667606019053,-0.23672064626668138,-1.5242780091664119,0.004222650766197675,0.3878872734504421,A
0.4868185471492834,0.4729218815763819,0.011000759561352979,-0.7541945865007266,-0.26840057001680767,A
1.6410671959237335,1.1045053402431462,0.43754357985020276,1.8283327108244316,3.1684986208287103,B
0.30558019190248,0.780743401083258,1.0542109355867846,1.3664806334555126,0.2693377223438712,A
-1.180000778467259,-0.46125844182290543,-0.44744603036877356,-0.025093188229649337,0.6452803790593454,A
0.7472720511434552,0.6322636837776588,-0.9377085246778997,-0.2551670902102132,0.6606378438119392,A
3.976567566952821,0.3944316597560076,0.80934563271891,2.358912405230795,2.587107872153307,B
0.06755548408082447,0.1230047342132672,0.19866731921548209,0.9619527379794892,-0.807815042416813,A
0.22716279838746606,1.1417586075017374,1.00016679170012,0.8391810754251399,1.3083458513743544,A
0.5530767870252449,0.5918095888252136,1.0795563637803622,0.9528208206243458,1.2979829734547135,A
0.34020997686833787,0.6742155268159841,-0.06699756244165551,0.43360927959300155,0.5477620451820673,A
0.2889166671687069,0.9781017609228327,0.08639958359792095,-2.3378556849908536,-2.24986281032263,A
0.9943504681243184,0.8451112956173681,1.4341119647336216,1.0225908826644574,0.6798458298109573,A
0.6008563124899924,-0.2627486548258988,-0.6828302405739128,2.2806586886076214,2.308569336675382,B
-0.766461834197669,-1.3392011771715555,1.6357780901838443,1.9494688889282907,-0.1297380423833965,A
1.1840744967382821,1.3230272510637762,0.5376488309700936,1.6009141541927792,1.8967883114380468,B
3.2249904986081352,-2.0554785845625263,1.4712379802644406,1.414174568388758,0.8838136388454712,B
-1.286130036708791,-1.0495889483878125,-0.09153468453049052,-1.784801268456057,-1.4014297066130617,A
2.7286712437642793,1.816946671310787,2.68656279251955,0.7011108436013587,2.752547505033343,B
-0.04443616770435442,0.7387893232292208,0.8489065521270229,0.8805315314480269,-0.6890354973646348,A
-0.6140847753443682,-1.4565518458374775,-0.03291567485147039,1.306259795823605,0.2232837609482549,A
2.0727088606254434,1.7807131573903932,3.496252417058517,0.4191092679990287,0.4882281310055048,B
-1.8779887659659078,-2.1472506210633546,0.2288901814895585,0.7010589174030714,0.4643700322102742,A
-0.8608416785235702,0.7857811124266786,2.481514999913218,0.6275477112364869,-0.45104379413593887,A
0.004132882654866092,0.15720149319001683,0.49705391871806814,1.9824272403467191,-0.3273982262852865,A
0.20634435836766163,2.921798557188339,2.0667510699233542,2.8992508869124984,2.272543426979753,B
2.391043160032777,1.2690309157984527,0.1320251741457592,0.5503764086142816,-0.3355317106138387,B
1.7804297544078236,2.0369371248181953,1.81640330213538,1.6206414319870437,0.2823345397204906,B
2.9155001557816957,-0.8777226640570808,1.0013478400945883,0.3198719276256863,1.8083432566577822,B
2.800089669950154,1.5508548763888792,2.03269377408932,0.7165611066372758,0.018153368962566807,B
0.6737943936677578,1.0553533397110735,1.8247535128560448,0.10556290007793091,-0.4282369405776514,A
-1.268013916843997,-2.6642167452535426,-1.3515732655278299,-0.2850477765058982,-0.45707814556495985,A
0.8867590544047386,0.41596076265243676,-0.2626554454361687,-0.7008369307232892,-2.7453201843990103,A
-0.9580116007012293,-1.3562704371559484,-0.20059895606855008,0.9869703267286597,0.11064886209343751,A
1.94213425023931,2.0694575758433134,1.7794941994755036,2.639719314171123,1.8031657896060587,B
0.05348162682190022,-1.2078559915355642,-0.1907555306674873,0.9662727405795022,-0.06469290333018317,A
-1.636249980066102,2.4803377806241276,1.5067169263747529,1.9647384010709796,1.870179283487426,B
-1.3780092768478662,-2.1887786294665297,-2.882659985226184,-2.22180882857342,1.002803927008927,A
1.9741744033716082,1.3317142323788054,1.2757478801402486,1.7579804101432597,1.227628805468108,B
0.372325560060305,0.7992294047799906,0.23825630888453342,1.4331823620731268,0.6546663151512598,A
4.604719364800649,0.2566762418153026,2.7458916046256814,-0.0060810752639708365,0.46207900689574255,B
3.9170602583189034,-0.7623033451537613,2.032608778918535,1.0683613516450934,1.408227079264454,B
1.1904796437899245,1.4152944691918359,1.823406003506608,2.3593109722195784,0.6713748438135719,B
-1.2417555288783926,-1.1158455737660236,-0.0975806435246799,2.1163689244559563,-0.7565594661940348,A
1.8091860033333549,2.171596363977331,0.5000685927429385,-0.31447597477779254,-0.8738520696241574,B
-0.7925258304579145,-0.6180694595706725,0.4582207168785615,0.8284971567201923,1.6543512772078048,A
0.04118002034917748,0.7184975499534108,0.44160112561014464,-0.9979904755718713,0.24322364940639613,A
1.9080146076013988,-1.028233903141556,0.5296413479693872,0.35529051015995705,1.343364779031734,B
-0.6942637622480688,-1.1210189585172594,0.4512158187271708,0.19972222348692498,0.03708923246735984,A
0.5886401517374027,0.41816822896839334,-0.8700256583626487,-1.3290109299623407,1.1781095170309164,A
-0.34284465290983673,0.013538596030648756,0.4380058337726248,1.0320956549920564,-0.28993504992492614,A
1.6253040566227632,-0.4314139464882216,0.6714544113823839,1.782664761125977,2.738162755823109,B
1.6934280590069921,0.7984665836878312,2.149907901459521,1.7110086934775874,0.26378903340358884,B
-1.6150508905847878,-0.698921594756953,0.5381285704804479,-0.41375075632192987,-0.4451490824223467,A
-0.4871135608151781,-0.5768256360053824,1.7059443660815057,-0.36736009654560686,0.07301095088042009,A
-0.4902221500387753,-0.9261901698891819,-2.930734293192281,-1.8591130673098213,0.2554299078926921,A
-2.107689387614403,-1.2246097852692457,1.2013374921538675,1.2026901635724496,-0.7011965695724929,A
1.0090998037340055,-0.008046504566604737,0.595378196332962,0.23848110352616542,-1.0955679061266492,A
-0.9547918171308215,-0.17949697677421683,0.9077629784427719,0.4633693983043459,-0.7162388627727723,A
2.3597719343296117,1.6758713323671246,-0.2830961931616807,-0.12782687411067753,0.9871547271341767,A
2.539644936504896,0.25792824960354355,2.207662625628871,2.8270954087270237,2.9834877804253264,B
-0.8330367227960116,-1.0010667107339382,-0.6655484143573114,-0.18830111996654758,-0.29363750368209834,A
3.749727938532065,-0.840924977162917,2.9769589742450266,3.4414454802667165,2.4673726917419625,B
-1.387320674764704,4.884791161890412,1.805929476555197,2.061621276924327,0.012343110410099056,B
-0.2943477235272498,-0.5091718964910145,0.20812302490791254,0.7504864295953071,-0.27653900070760074,A
-0.2608998230008499,0.2952337046789987,0.5010564792449586,0.039787488798387984,1.299800426658818,A
0.14545060546050403,2.086717277847406,1.3761972537789884,2.4688682292497104,3.9268452310838295,B
0.7050673962360018,3.610036369732936,3.3054123672571034,1.2204863304090312,1.9717721043219356,B
-0.03786339787100634,2.745365761311538,0.12008939337745561,-0.8020202849131781,1.3808530533326944,B
0.6756066331644784,0.8766828134709369,0.03481725325120671,0.34316576983141,-0.48880834222392067,A
1.6979951786152838,3.789405504331776,2.5080394695708508,0.7263413158843629,1.1038903453453273,B
2.8244082329266567,1.6758331269954096,2.3091358053297024,1.7402876531148839,1.2410343987098622,B
0.5486780082731583,3.128472528334756,1.420436722140981,0.13600810855271717,0.7070458126185716,B
3.4768777490659994,0.6867541099854008,1.1083266278528776,0.48252908859666777,0.555778860434218,B
0.71491904441385,3.701067377730919,0.9848738658490803,1.4113297685172095,1.2339467962726083,B
-0.48498972426172404,0.7447626035083003,0.6427041163190429,-1.8809493017899082,-0.18420646388079273,A
-0.944477579871783,4.286564714403459,-1.252742734024478,1.0559815239767665,1.7448982841029126,B
1.2260339099106798,-0.7394058443411018,-1.222268839184003,-0.3101169189649305,-1.7410116258565147,A
1.2262929556489497,1.9285456663081388,1.159110321349421,1.0864856546336963,1.4378210912820775,A
0.9674662729250108,0.9497333124383835,-1.265514906444942,-0.9630596428840822,0.6913238481307414,A
-0.8244867925166437,2.9526622040541235,1.5540873093910272,2.213973023962164,0.05450356730333539,B
2.183550948021737,1.0064797384291115,0.321581743278337,0.7786106205351737,0.2973200422137956,B
3.180824471529607,1.6946161748024773,0.9551438998526613,0.9371305580779318,2.716615121617577,B
1.006066133844198,1.8117225101494825,3.0722055122905996,3.155581159023604,0.541736554364441,B
0.08796289633100199,0.20212127337276806,-0.14998248474733827,1.1038350917405595,-0.5234456368665318,A
2.3213314374745453,0.5396499868774577,1.3854529207456245,3.0710556936441433,2.849795713577751,B
1.3973387966833588,0.6081296157023065,1.1704946682429627,0.8528964464308229,0.20264442245721836,B
1.9758766789172983,0.6932227626318518,2.203179210973696,1.1498718387444136,0.07606135708887662,B
1.0456401202092658,0.31730639690631224,-1.7129482177569562,-0.35982100956332747,0.7592106478702659,A
1.1226782545637386,0.841625858440491,-0.949839746116268,0.3996010150289763,0.8903439964683492,A
2.5392157483677353,2.6895556336034936,2.6127336614674856,1.305302412619357,2.324459528821543,B
0.9231448456108823,1.040943082977169,2.770512234397373,1.6378751555170172,2.2458538732376025,B
-1.723463407405418,-1.107709565359744,0.43499885760378637,-0.7198213938679038,-0.9680274554978062,A
-0.30189858631769995,3.113262780822099,0.716840709601774,-0.7319959065668451,-0.29171814935906637,B
-1.045262781398474,-1.1768435110704,-0.8869275411747741,0.3258397437648846,1.134904922496379,A
1.9801372194505544,3.737691820610892,2.830125805356106,0.7543614936089649,1.7789961595281103,B
2.487267106353615,-0.7456052865135501,2.532951841273811,3.150064184624708,1.6675442836394585,B
-0.3618325370843415,-0.5833161394081986,0.6246638297782671,0.5173082276758322,0.2779796149599707,A
0.8889287945394221,2.748510978637028,2.9202852376454524,3.464195276572264,2.9005416219252673,B
-0.059282646025932216,-0.48499827864494255,-0.6567055018904717,0.30926266895054383,0.15360460576028137,A
1.157507758021134,1.7877872603548817,1.1320822815210554,1.4332388799417433,-1.5027573001362424,A
0.2882190630903242,0.07915077548156937,-0.10309889898903829,0.04310899103191656,-0.639947733795164,A
2.2900984556826023,0.302098957450039,0.6047671625674659,0.6800285003525827,-0.838512782875064,B
2.4747401356144088,3.1127327605137074,1.707348873467737,0.037662065916177045,0.3694341141916755,B
3.493705799532499,2.7604831602591586,1.7708162526132356,1.6463184242562838,2.310555522950459,B
3.0194142574160834,1.6413220198513818,0.9776773088226783,0.4213467430798983,1.2471586141600701,B
1.0509120280284683,-0.09586634092586377,1.6936290955940863,1.1784738928489475,2.8538050094773357,B
0.015158150837325968,1.1581278781368678,0.5496335322197587,1.6158225489342113,3.2862261416446095,B
0.35895644065147114,0.3148000356674462,1.2812786457980472,2.1333474609408163,1.5010184903794468,A
-0.16787406942631122,0.523339284293259,0.9219472922618113,0.9294177241827553,-0.47156319211743736,A
1.5753766494355401,1.2236909089313874,0.2518627069048936,-0.2175108523767025,-0.9450150164137749,A
1.902051851470139,0.6325809213840834,0.27381922780536616,2.188859330814421,1.7099953159152017,B
2.2046536939001555,1.6284763630389678,1.3940295449411162,0.4246286778554482,1.9393266804830482,B
0.5566166656775543,0.41968347480555745,0.42192023929099276,-0.38771450320965584,0.1864836964287409,A
1.371430343816763,-0.07251744668330029,-1.45758486108193,1.2482529509231302,0.8021921924735381,B
0.39045493205388226,0.6101697662475447,1.0638989240302157,0.6596460578716976,0.5225617242761421,A
-0.9943351084951194,-0.3992025468670335,0.6032887865706587,0.35518737887743196,-1.0664552481590397,A
-0.5545724056404471,0.19912479884541154,0.895048463456319,0.21653365895124577,0.5704460325845113,A
2.922989866710039,1.7248154205190684,3.4721715944833065,2.1095536131599704,2.6963866483873415,B
1.8821748802040494,1.4039080263110126,0.5087292563407272,0.0282715132076402,0.018326241741149253,A
1.4781399717900698,1.2147440997504082,0.9342785717351986,1.3724680272523777,1.5609144403369972,B
0.180047922769365,2.575525390945127,1.5389711239256254,3.054282077709752,1.8890761749513643,B
-0.4812411238654122,0.47767326485754746,-0.5958191612079136,-2.4089261676563374,-2.311654431696404,A
3.2508119543429883,0.9610072171045807,2.8103446268616845,2.747843335587365,2.439957524083319,B
-0.6719120236796768,0.34890656155827937,-0.027325820077927318,0.09557475795651667,-1.7076943718036315,A
0.58058655230228,2.8432187320050417,1.353790797990988,0.8128334958692781,3.7123083204481375,B
-0.5859182104515849,-0.3078368997880783,-0.8394757781624501,-0.6652085001796454,0.3941436306484966,A
1.2122453305222525,0.04233637997688966,-0.3334272547222825,0.5321491553752816,-0.20244775938063242,B
1.7187950030498593,-0.0167304336108431,-2.5299991118198357,-1.5389322508909187,-0.11501455560647288,A
1.1300993164045137,1.272538959391185,0.8916281875288524,0.760636415573289,-0.9423424650585911,A
-0.7745100615133954,-0.9909759807655342,-0.9115165129198347,-0.8306835465210648,0.9332129810581484,A
2.5847389619762913,2.406645563085416,3.133422834823282,3.966960716955349,1.0643691322987987,B
0.2788642846472388,-0.38164434205633563,0.3282599685765645,0.44452417514917886,-1.8227309967539735,A
1.6247042737002122,-0.08837531700363788,-0.6063176688036158,-0.7240742557277615,1.711052392680524,B
0.3663329336500437,0.12009507204364372,0.3055220680428444,2.0987160498306214,0.2685269674991206,A
1.1553935454499997,1.3934555462681153,1.8906913132014644,0.5706272000038409,-0.7376859113282155,B
-1.008308886274262,-1.2266975268069429,-0.6788444470821404,-1.389850084734905,-0.7501139978005441,A
0.8743059061574088,2.236034901901081,1.9820187461198975,-0.6357371863543615,-0.009581481583868845,B
3.461516331244983,1.3965426940125534,0.9687285700523663,-0.048695770377310765,1.9735455175836825,B
0.08466128073276377,1.7281905598055667,1.7950974264651076,1.3340604400074692,1.0692364249514845,A
0.6232572670814417,2.017621924265695,-0.2540967091844617,0.8308164482901517,0.41729125849383175,B
0.8491008845340923,3.8568421692028356,1.8491932729922334,0.33264360573150853,0.07528987429926937,B
-1.25738247498137,-0.6998227506170314,1.4758701751112222,0.8810290118271958,0.5711921434724686,A
0.5553602285085755,0.6299231249010273,1.076811523604564,-0.4494232646535942,1.6742585896441102,A
-0.69193369617461,-0.6547380089799596,0.8343911166751847,0.8951580018114659,-1.2633982246405298,A
2.8135797378251755,1.7091890445354065,3.5171140247554926,0.07956847955501067,1.277028284133231,B
0.09800191409938289,1.481108602782805,0.5173379145401686,0.0683036619659386,-0.6988612301091297,A
0.7543129728068617,2.0301886709374153,2.438473080380377,0.8674248640360106,0.5790603348068283,B
-1.8283953114415024,-1.0248189757438844,1.7579424060127515,2.1769660880110524,-1.2406301408347435,A
-0.535087153376712,-0.6699673288593989,0.29919068200833937,-0.40373480086654584,-0.5955033642244238,A
2.052466837266219,0.9590093523610911,0.7125827847262571,2.9979137581979103,1.7317333412288618,B
-0.25961403134577454,0.37419146735842745,1.1383076096787457,-0.35348284871612223,-1.064426117822563,A
-0.9820194198303006,-1.650995017199887,-0.6810731662653453,0.03907861669919206,-0.6536603795464944,A
0.8776814204924831,0.007675079977371269,1.0982682696100325,1.959480057374276,2.57762586868499,B
1.1270923665098869,2.157632426664572,1.5860031617436432,1.4818228418205814,2.287754003296433,B
1.383039224486235,1.8986021072707846,1.4195842252736066,0.6876350183499407,1.9484094340849598,B
-0.3256981100737287,-0.45694174621199735,-0.28954321792132526,-0.5540930787614854,-0.5642639073803928,A
0.3959338744308236,1.2536100206268026,-0.4310341444486287,-0.9291686540794379,-0.8215981316929247,A
-0.28987561547486984,-0.11287179600403219,-0.6658947910180781,-1.0930567784182348,-1.5129225871227943,A
-1.1337710254197284,-0.10992953386074442,-0.23349321068707546,1.3388802845760854,1.052970357329888,A
-0.05493486620291775,0.6356659993494189,1.579477969200828,-0.5125724932046151,-0.6413914130596161,A
-1.6680345998890966,-0.840195123685002,-0.4225047577503402,-0.655928714600741,-1.8968221408770733,A
1.1786537300474111,1.466528921900687,2.8114580771740316,1.3529833547212404,1.4053019073143789,B
-0.746116482942726,-0.07508773233748636,1.3340462242940543,1.525623808709376,-0.48243837340320184,A
1.6721268627461412,4.930622560149709,4.185628023709864,2.4205491101513,0.5424240275424436,B
-0.6940433238576419,-1.6480448642408965,0.8839004054598127,1.6420915895218797,0.9441185484265576,A
1.3894180965164307,2.217390468532017,3.177400009210582,2.509121551379973,1.0516507243719624,B
0.35324532041344336,1.0533014189107226,1.4517216235498906,1.6667873612916966,-0.7712223681176718,B
-1.0937370617166706,-0.2588462015809649,-1.510161159932898,-0.08886866324822185,0.21486835763221876,A
2.5620764793977417,-2.3881310273379,0.6459698712637085,4.538073330954717,0.3981700100208241,B
-1.131986440076961,-0.32893306038943926,-1.7124228435021889,-1.7852642213849121,-0.5704342215188678,A
-0.2701551293370962,0.846680641890933,0.5314174192584781,-0.25840695717562034,-2.09530215180275,A
1.4720145664901334,1.2675171015844748,0.58246226458129,0.3218306686994231,0.46011188128591324,A
-1.2690896148598123,-1.031731704398084,0.14462357259101571,-0.4548630045095916,-0.14751675429358826,A
1.133789272564012,2.171162258018097,0.35234014570679234,-0.325987440751072,1.7658183718105378,A
1.8276685933241352,1.0168535594757055,0.812064214867464,0.948365170854575,2.80495596326206,B
0.6556180611713827,-0.1262719245246366,0.9743928109328336,1.6251298857077157,0.5250302550197622,A
0.013985221865292462,0.21313805345549475,0.5178898379066078,-1.399857165165804,0.1869956444357921,A
1.541858982049552,1.8060933063978508,2.2656735495430063,1.648643950516906,1.3203921493009838,B
0.7404151235401021,2.014981061625717,2.098148831498535,3.041835364553773,0.9558792350366169,B
0.31145283430343956,0.007966719365228834,0.10953540059101534,0.36180127602138945,-1.041816312926302,A
2.3372707803662363,0.12213636475464673,3.144665698824098,3.0146248913287033,1.1851811346943295,B
1.5478202682982407,1.9276676789692555,1.7742860173668409,2.4721069814703416,0.9120783837781153,B
-0.8521588059655938,0.6558371215611087,1.6529755859862656,1.3551477020704605,0.25808406952959473,A
0.6287962936103031,1.529003407295485,2.7873448442656024,0.3586571376287661,-0.1766281107322881,A
0.7260983614463344,0.02223459639180573,-1.1929552943820896,-0.5091356289952808,0.17679703782179465,A
0.014680139889711287,-0.46224770040879265,-0.16801341133794243,0.011513215047809371,-1.3118395431098502,A
-0.5437828043527234,0.41176394804384825,0.38185990887975274,0.12473985585871211,1.1938206911299292,A
1.5687612680268368,0.4051927748099029,0.5969851710579643,0.9904519365973297,0.5619081339517727,B
2.1919081680720733,1.3622708404826622,0.7946187760500637,3.1252217153809334,1.5835366931228747,B
1.290283574858615,-0.1998161283708375,-0.4713027701981498,1.8624277017101338,1.6687495990472294,B
0.6910625658668772,1.414436927574567,0.16609713828333267,0.15717253626066247,-0.11740351079396602,A
-0.3255450115195318,0.04550293987029589,0.05707981570909145,-0.38940064893851806,1.3311604874752363,A
1.9595946718360508,1.698038683231453,2.3255228665731424,3.849659038866972,2.957124252031189,B
1.9261309665098385,1.048913794259409,3.605874139722779,1.5215059740097983,1.2583698264454783,B
2.0975326209758522,1.7916734597718218,2.4576882449766977,-0.32832145548514124,-0.6510910436248785,B
-1.2794967959138979,-1.6428167838280647,-0.5649299961300986,-0.3419072886650075,1.272085743192462,A
-1.4470045764150157,-0.12418769593462332,0.7392191074692273,0.4669318711343259,-0.20990167521722985,A
4.5241351823999665,-0.5848390143273221,1.3187072572424805,0.7223889393328699,1.5966311672270217,B
1.172122537557605,1.1835191531437117,1.8016290829288504,-0.2676029379543743,0.056285988937714304,B
1.9601737550271694,2.22310965901661,2.7584160108530913,2.529580779450048,1.5426688248066387,B
-0.5348113382185579,-1.3713660205763107,-1.908325803484523,-1.1945003882877887,-1.3396933991522146,A
-0.8943460460775288,-0.911234039875847,1.1113062955889126,2.3174455091626216,0.11048642563278706,A
1.931623827021555,0.6478978842521534,1.9477498993701783,2.6120451099169673,0.7790479933413585,B
1.504506718589227,0.8069639173870975,0.3715438853438444,1.1676790920668452,0.6271489212067936,A
0.450317278043813,0.3621189525464325,-0.6473776616566076,-0.6037251118080321,-0.23495865835667404,A
1.6059536473367704,0.47627669138494233,0.7302741889378813,3.6969439020080936,2.2002238085998305,B
1.9029074622741677,1.2502629907981786,0.2643425516256256,1.0027129693775385,0.08439745886687373,A
0.3034669008166697,0.5496817418048505,0.34892884165390853,-0.25758681620598545,-0.4173356442719417,A
1.123356947352316,1.3312778131053924,1.833407094849697,0.8265176621841036,2.664686442513929,B
1.9050602140644701,1.545394057442351,1.825649098754132,0.8694870510104858,0.10512114976572665,A
-1.6474962990474387,-1.1435571325178575,-0.3861276352809646,-2.187414009852429,-1.0842902096625207,A
-0.6789793143519821,-0.5477238294602761,0.7898919866321422,-0.14591156647994688,1.426521147923813,A
-0.3644382522644612,-1.599676640505253,-0.8025001035462814,0.015594905893733843,1.0144577833380344,A
0.9569850139196447,2.940754017666742,1.1140768494728788,0.45906696204806274,1.350412907982783,B
0.16432065938191598,-0.25283751560772266,-0.46898072989671685,-0.34509209111467254,-0.7694687914662677,A
2.685853823504253,3.565580886411541,1.1958864037181265,2.36671217161519,1.9805141391500571,B
-0.3421528907320472,-1.1178708119467549,-2.37942745781405,-1.2891499738208725,-0.007303069219473446,A
-0.7517558478135002,-0.3631846982415056,0.5842958682856737,-0.22310526591357366,0.8111928265145603,A
-0.35569831557103465,-0.08305389829701357,-2.623117825483554,-1.262046103522312,-3.4527988646224523,A
1.2043839982439175,1.6293849091405754,0.9365174940343814,2.395972628416584,2.346164807529801,B
2.35081620502058,-0.5506531793702485,0.18133588192349737,0.22408350252032205,1.2972177909900968,B
-0.822702023079101,0.08456859428795732,0.6369839982783067,-1.4549877304838876,0.5535687931108004,A
-1.1598392857669653,-1.1930174388613863,-0.4475609605226111,-0.6410586777208664,0.41868124899015136,A
2.6475449668751025,1.0417057058711996,0.36710022174382373,0.2135957382389202,1.074471126233762,B
0.4194648928532483,1.0902392848042641,1.557823586308726,0.6262352062709562,-2.3122768872764374,A
-1.1039886353716615,-0.6895124298413804,-1.055825703207163,-0.022704036809715892,-0.9783530446593987,A
-0.8332625915372465,0.6285853331931028,1.1427524623074239,0.8538172203682204,-1.3925844670321381,A
-0.39259818304804783,2.0547829416219168,2.3421649097493065,2.691094243050143,0.08653174666309993,B
4.195789780593618,0.5113819950455887,1.5260065578387254,0.6137277263493711,-0.8720366279084768,B
0.044658280963466405,0.4907384443572123,0.4044372042287218,-1.016985364475229,-1.0971678826494353,A
-1.021045160678322,-0.7855321373481375,-0.3362757369747856,-0.4314113469147537,0.5218626775827898,A
0.17570045616484992,0.9145181841028243,-1.113906251858319,-0.7865284400620679,-0.5258902583351418,A
1.193618571856377,-0.34747438839214506,-2.5394997540038613,-0.4192061454315164,0.2479266755398504,A
0.6815635361322814,0.5967704911463989,2.4639726539991504,2.820638588782599,1.6015705362714752,B
0.31507148961243003,4.3747592145519585,2.118141381853135,0.5509443775355293,2.9981162594906743,B
-0.44707259186786463,-0.23133727102074372,1.499482794520767,1.0440891311134168,1.3968232689596811,A
0.20636936230025493,2.448542642014993,1.3173740979275192,1.5090820330780772,2.761398774421375,B
1.5381322514658926,0.5630783510415648,-0.06116464683426237,0.11165532253463395,1.5606301834751992,B
-1.1975882890341571,-0.5748150022217396,0.4211165668650837,0.8103216398123827,1.0253077987886572,A
1.8731424065189017,1.845591206922173,0.26036913589055066,0.7840124302117908,2.107793616119115,B
2.5636570217041363,-0.9664610054742955,-0.8753927841360909,-0.11196167020840786,1.144711964397029,B
1.3088620277569576,1.273146933731676,3.8639805166514596,0.22502124103197252,0.42658896669309887,B
0.44997834134654807,0.6979705171870932,0.3575322640328809,0.3395228243270056,0.8337534083734351,A
-0.05062811305699102,0.38341701729310357,0.1848406643409483,-0.9996777187349014,-0.4084060469719968,A
-1.5407344962640819,-1.0532367054607752,0.5807849395126247,-0.5021454895660826,-0.23623351103143686,A
2.1235391316305274,2.6617183698198357,0.8292791576652854,0.7161142692885932,1.7001392824942412,B
0.9159387385414043,3.4501493773731537,1.705789320126622,2.096399321958385,-0.067403047834248,B
-0.309325095567178,3.88585566434249,1.4646548179362897,2.7980256346741488,1.933743966848719,B
0.5613693945412868,1.0611541610871014,2.1181085526221635,3.3407717769346608,3.6299233096568657,B
0.651540620643959,0.8941932843877499,0.25862038320495623,0.14606931750222446,-1.1042436327477727,A
-0.43748823251708013,2.414508260561664,0.007743762616448047,-0.9991516044218356,1.1915257834665027,B
-0.75479960393834,2.6544078915407328,3.4863009490841383,2.435460161972653,-0.6014166493882072,B
1.2157052510475799,1.4392408128229845,2.052404983504961,1.6617294633288178,1.1290783872897556,B
-0.9529358546121247,1.8216105710919062,1.9331378704237858,1.330891281114334,0.33907569954812855,B
0.9143699610194936,1.7203863960144723,3.5529216657393237,2.2147917470063723,2.90389407358374,B
2.3756997000295628,0.170589608871083,-0.23976884293096923,0.7247820052974945,1.5182537164876442,B
-1.5670582502354382,-1.6882521118332712,-0.9603684933218897,-0.6219277190315465,-1.4233508796202257,A
0.25044630026076065,-0.5954806217825205,-0.48279091823999054,1.6730009555320569,1.276858371420829,A
0.4213452434659979,2.3827241907006886,2.4677316063183934,1.4578902518683272,0.8694422204757954,B
2.3888071306975376,1.9354898439657289,2.384722862413933,1.613880249464164,0.7538226169400403,B
1.0675470789888575,2.5696518785225995,1.9745650756214048,2.999471724977666,1.4979486038484333,B
0.5586086666913987,1.6718879323037121,-0.2503958363326395,1.2309415330530327,2.3148705212883067,B
3.49294299532114,0.47969360723950816,1.7802339297243663,3.0180506103747753,2.658395946359556,B
-0.4481400601360481,0.6201906131862668,0.9659030711669737,0.8275778391261168,1.6388422580357769,B
4.45315877122224,0.735396019815774,1.481477434986475,3.3073512850430933,1.609549461237198,B
-1.5147547757935393,-0.7143311779952001,0.5270113403031399,-1.131671449198174,-0.405215916391921,A
-0.19688569870390954,-0.8262787368038835,-0.6404685536082764,-1.46397098551001,-1.265356759192115,A
0.35272016302634307,0.7422698534916206,0.4285254569114056,0.17551667032854085,0.83122401774743,A
-0.6284847301367896,-0.038090961790209,0.18548647285927206,1.4427402981318782,-0.054847959068583724,A
1.073318052763335,3.028526296575894,1.0454740925696195,1.3918880999861338,1.666376637111632,B
1.5802606922806595,1.5872558970972526,2.6257237747168136,2.1542429680307276,3.0040403792597967,B
1.1587912560642248,2.899060112813247,2.6495614435521633,1.8417330057532313,0.31743749336189886,B
-0.3800380621921959,-1.5635542552905028,-0.03114383048370484,1.6611152635087387,1.7885443642884244,A
3.1565824540498264,3.3509361589943603,2.2888759140178054,-0.20953866046527114,-1.5304780616248541,B
-1.9528155300482481,-2.7465527459539767,-0.6657623598261977,0.1420206472215204,0.1636064810951154,A
0.7368365309200512,0.311935794941293,0.8258557496252331,-0.2973016957858264,0.04991946097313486,A
1.207425028311201,0.768414383633556,-0.19786623653463237,0.4432166454054852,-0.41049267620243934,A
-1.3864422532701932,-1.95513562446648,-0.8164264634736911,-0.7077662574080643,0.1936957627479515,A
1.0735808342993003,2.526688247437942,3.689861474957782,3.26226380548873,-0.04049427853106691,B
2.0954162227158384,2.0960471397270712,3.6084236043336304,2.6974357851183957,2.705226388778601,B
-0.5736696908584189,0.23916173589714895,0.08602273408311421,0.763694588654904,0.6792353369614719,A
-0.901034029254952,0.2245793318984343,-1.087361249051182,-2.133072236361121,0.7355023580825909,A
-1.1492039971882941,-2.0642414456857954,-0.9226780028459011,-0.9026777819663119,-0.31963364565876573,A
1.604229104685014,1.2634064400378486,-0.9265308695478621,-1.1978915360612152,-0.9396440303410716,A
-0.2737039958177683,0.2552411524166076,-1.1554213242631626,-1.2635753066731132,0.5415202058607561,A
-0.04455482215762774,1.9866333911024678,1.3096940402177337,1.807061485571932,2.123125076059095,B
-0.08344878322659362,-0.3307516492991001,-2.9035101669322487,-2.647069653485941,0.7921885309330343,A
2.5632950584315024,1.9812446463185656,2.762264078466174,1.023094566441683,1.3286294627187865,B
0.12659671027769356,-0.24893084586155387,-0.6901307948647962,0.22442775951096944,-1.1558826169743497,A
-0.09983458049545033,0.2632478451856656,-0.9375499466904631,-0.3641718262325661,1.1451891707344626,A
1.7168402803459926,1.7800992713498196,1.5159208118602612,1.8638899486741538,1.2919605425951621,B
1.4488090595210805,2.610859762254401,3.1645626777225937,1.820388452317187,2.147165918269987,B
1.8101109253974483,2.324986725510835,2.2565859864775675,4.114181764208691,3.816539939857565,B
-0.1935014825506327,2.1950572717306427,1.5672288608992562,3.698097252081039,2.106198661254855,B
1.523259358439113,1.451580891529081,-0.6342005999214066,0.05622819360741471,1.4589635643591323,B
1.6128934397031998,1.2835700307656197,1.4109265585992277,-0.10819478635230872,-0.0422692267921978,B
